INSERT INTO GENRES(GENRE_ID, NAME) VALUES(28, 'Action');
INSERT INTO GENRES(GENRE_ID, NAME) VALUES(12, 'Adventure');
INSERT INTO GENRES(GENRE_ID, NAME) VALUES(14, 'Fantasy');
INSERT INTO GENRES(GENRE_ID, NAME) VALUES(878, 'Science Fiction');
INSERT INTO GENRES(GENRE_ID, NAME) VALUES(80, 'Crime');
INSERT INTO GENRES(GENRE_ID, NAME) VALUES(18, 'Drama');
INSERT INTO GENRES(GENRE_ID, NAME) VALUES(53, 'Thriller');
INSERT INTO GENRES(GENRE_ID, NAME) VALUES(16, 'Animation');
INSERT INTO GENRES(GENRE_ID, NAME) VALUES(10751, 'Family');
INSERT INTO GENRES(GENRE_ID, NAME) VALUES(37, 'Western');
INSERT INTO GENRES(GENRE_ID, NAME) VALUES(35, 'Comedy');
INSERT INTO GENRES(GENRE_ID, NAME) VALUES(10749, 'Romance');
INSERT INTO GENRES(GENRE_ID, NAME) VALUES(27, 'Horror');
INSERT INTO PRODUCTION_COMPANY(COMPANY_ID, NAME) VALUES(289, 'Ingenious Film Partners');
INSERT INTO PRODUCTION_COMPANY(COMPANY_ID, NAME) VALUES(306, 'Twentieth Century Fox Film Corporation');
INSERT INTO PRODUCTION_COMPANY(COMPANY_ID, NAME) VALUES(444, 'Dune Entertainment');
INSERT INTO PRODUCTION_COMPANY(COMPANY_ID, NAME) VALUES(574, 'Lightstorm Entertainment');
INSERT INTO PRODUCTION_COMPANY(COMPANY_ID, NAME) VALUES(2, 'Walt Disney Pictures');
INSERT INTO PRODUCTION_COMPANY(COMPANY_ID, NAME) VALUES(130, 'Jerry Bruckheimer Films');
INSERT INTO PRODUCTION_COMPANY(COMPANY_ID, NAME) VALUES(19936, 'Second Mate Productions');
INSERT INTO PRODUCTION_COMPANY(COMPANY_ID, NAME) VALUES(5, 'Columbia Pictures');
INSERT INTO PRODUCTION_COMPANY(COMPANY_ID, NAME) VALUES(10761, 'Danjaq');
INSERT INTO PRODUCTION_COMPANY(COMPANY_ID, NAME) VALUES(69434, 'B24');
INSERT INTO PRODUCTION_COMPANY(COMPANY_ID, NAME) VALUES(923, 'Legendary Pictures');
INSERT INTO PRODUCTION_COMPANY(COMPANY_ID, NAME) VALUES(6194, 'Warner Bros.');
INSERT INTO PRODUCTION_COMPANY(COMPANY_ID, NAME) VALUES(9993, 'DC Entertainment');
INSERT INTO PRODUCTION_COMPANY(COMPANY_ID, NAME) VALUES(9996, 'Syncopy');
INSERT INTO PRODUCTION_COMPANY(COMPANY_ID, NAME) VALUES(326, 'Laura Ziskin Productions');
INSERT INTO PRODUCTION_COMPANY(COMPANY_ID, NAME) VALUES(19551, 'Marvel Enterprises');
INSERT INTO PRODUCTION_COMPANY(COMPANY_ID, NAME) VALUES(6125, 'Walt Disney Animation Studios');
INSERT INTO PRODUCTION_COMPANY(COMPANY_ID, NAME) VALUES(420, 'Marvel Studios');
INSERT INTO PRODUCTION_COMPANY(COMPANY_ID, NAME) VALUES(15357, 'Prime Focus');
INSERT INTO PRODUCTION_COMPANY(COMPANY_ID, NAME) VALUES(76043, 'Revolution Sun Studios');
INSERT INTO PRODUCTION_COMPANY(COMPANY_ID, NAME) VALUES(7364, 'Heyday Films');
INSERT INTO PRODUCTION_COMPANY(COMPANY_ID, NAME) VALUES(429, 'DC Comics');
INSERT INTO PRODUCTION_COMPANY(COMPANY_ID, NAME) VALUES(507, 'Atlas Entertainment');
INSERT INTO PRODUCTION_COMPANY(COMPANY_ID, NAME) VALUES(9995, 'Cruel  and  Unusual Films');
INSERT INTO PRODUCTION_COMPANY(COMPANY_ID, NAME) VALUES(41624, 'RatPac-Dune Entertainment');
INSERT INTO PRODUCTION_COMPANY(COMPANY_ID, NAME) VALUES(9168, 'Bad Hat Harry Productions');
INSERT INTO PRODUCTION_COMPANY(COMPANY_ID, NAME) VALUES(7576, 'Eon Productions');
INSERT INTO PRODUCTION_COMPANY(COMPANY_ID, NAME) VALUES(2691, 'Infinitum Nihil');
INSERT INTO PRODUCTION_COMPANY(COMPANY_ID, NAME) VALUES(37380, 'Silver Bullet Productions (II)');
INSERT INTO PRODUCTION_COMPANY(COMPANY_ID, NAME) VALUES(37381, 'Blind Wink Productions');
INSERT INTO PRODUCTION_COMPANY(COMPANY_ID, NAME) VALUES(37382, 'Classic Media');
INSERT INTO PRODUCTION_COMPANY(COMPANY_ID, NAME) VALUES(78685, 'Cruel and Unusual Films');
INSERT INTO PRODUCTION_COMPANY(COMPANY_ID, NAME) VALUES(5888, 'Walt Disney');
INSERT INTO PRODUCTION_COMPANY(COMPANY_ID, NAME) VALUES(10221, 'Walden Media');
INSERT INTO PRODUCTION_COMPANY(COMPANY_ID, NAME) VALUES(11345, 'Stillking Films');
INSERT INTO PRODUCTION_COMPANY(COMPANY_ID, NAME) VALUES(11440, 'Ozumi Films');
INSERT INTO PRODUCTION_COMPANY(COMPANY_ID, NAME) VALUES(11441, 'Propeler');
INSERT INTO PRODUCTION_COMPANY(COMPANY_ID, NAME) VALUES(11442, 'Silverbell Films');
INSERT INTO PRODUCTION_COMPANY(COMPANY_ID, NAME) VALUES(4, 'Paramount Pictures');
INSERT INTO PRODUCTION_COMPANY(COMPANY_ID, NAME) VALUES(20478, 'Moving Picture Company (MPC)');
INSERT INTO PRODUCTION_COMPANY(COMPANY_ID, NAME) VALUES(56, 'Amblin Entertainment');
INSERT INTO PRODUCTION_COMPANY(COMPANY_ID, NAME) VALUES(5627, 'Media Magik Entertainment');
INSERT INTO PRODUCTION_COMPANY(COMPANY_ID, NAME) VALUES(6736, 'Imagenation Abu Dhabi FZ');
INSERT INTO PRODUCTION_COMPANY(COMPANY_ID, NAME) VALUES(9169, 'Hemisphere Media Capital');
INSERT INTO PRODUCTION_COMPANY(COMPANY_ID, NAME) VALUES(11084, 'Parkes/MacDonald Productions');
INSERT INTO PRODUCTION_COMPANY(COMPANY_ID, NAME) VALUES(11, 'WingNut Films');
INSERT INTO PRODUCTION_COMPANY(COMPANY_ID, NAME) VALUES(12, 'New Line Cinema');
INSERT INTO PRODUCTION_COMPANY(COMPANY_ID, NAME) VALUES(174, 'Warner Bros. Pictures');
INSERT INTO PRODUCTION_COMPANY(COMPANY_ID, NAME) VALUES(7413, '3Foot7');
INSERT INTO PRODUCTION_COMPANY(COMPANY_ID, NAME) VALUES(8411, 'Metro-Goldwyn-Mayer (MGM)');
INSERT INTO PRODUCTION_COMPANY(COMPANY_ID, NAME) VALUES(7505, 'Marvel Entertainment');
INSERT INTO PRODUCTION_COMPANY(COMPANY_ID, NAME) VALUES(23, 'Imagine Entertainment');
INSERT INTO PRODUCTION_COMPANY(COMPANY_ID, NAME) VALUES(33, 'Universal Pictures');
INSERT INTO PRODUCTION_COMPANY(COMPANY_ID, NAME) VALUES(1645, 'Scott Free Productions');
INSERT INTO PRODUCTION_COMPANY(COMPANY_ID, NAME) VALUES(7295, 'Relativity Media');
INSERT INTO PRODUCTION_COMPANY(COMPANY_ID, NAME) VALUES(1473, 'Depth of Field');
INSERT INTO PRODUCTION_COMPANY(COMPANY_ID, NAME) VALUES(1938, 'Scholastic Productions');
INSERT INTO PRODUCTION_COMPANY(COMPANY_ID, NAME) VALUES(68, 'Big Primate Pictures');
INSERT INTO PRODUCTION_COMPANY(COMPANY_ID, NAME) VALUES(69, 'MFPV Film');
INSERT INTO PRODUCTION_COMPANY(COMPANY_ID, NAME) VALUES(264, 'Studio Babelsberg');
INSERT INTO PRODUCTION_COMPANY(COMPANY_ID, NAME) VALUES(3036, 'Walt Disney Studios Motion Pictures');
INSERT INTO PRODUCTION_COMPANY(COMPANY_ID, NAME) VALUES(84424, 'Vita-Ray Dutch Productions (III)');
INSERT INTO PRODUCTION_COMPANY(COMPANY_ID, NAME) VALUES(84425, 'Deluxe Digital Studios');
INSERT INTO PRODUCTION_COMPANY(COMPANY_ID, NAME) VALUES(2598, 'Hasbro');
INSERT INTO PRODUCTION_COMPANY(COMPANY_ID, NAME) VALUES(13778, 'Bluegrass Films');
INSERT INTO PRODUCTION_COMPANY(COMPANY_ID, NAME) VALUES(20153, 'Film 44');
INSERT INTO PRODUCTION_COMPANY(COMPANY_ID, NAME) VALUES(13, 'Universal Studios');
INSERT INTO PRODUCTION_COMPANY(COMPANY_ID, NAME) VALUES(3341, 'Fuji Television Network');
INSERT INTO PRODUCTION_COMPANY(COMPANY_ID, NAME) VALUES(6452, 'Dentsu');
INSERT INTO PRODUCTION_COMPANY(COMPANY_ID, NAME) VALUES(598, 'Team Todd');
INSERT INTO PRODUCTION_COMPANY(COMPANY_ID, NAME) VALUES(8601, 'Tim Burton Productions');
INSERT INTO PRODUCTION_COMPANY(COMPANY_ID, NAME) VALUES(16314, 'Roth Films');
INSERT INTO PRODUCTION_COMPANY(COMPANY_ID, NAME) VALUES(20004, 'Zanuck Company, The');
INSERT INTO PRODUCTION_COMPANY(COMPANY_ID, NAME) VALUES(431, 'Donners Company');
INSERT INTO PRODUCTION_COMPANY(COMPANY_ID, NAME) VALUES(445, 'Major Studio Partners');
INSERT INTO PRODUCTION_COMPANY(COMPANY_ID, NAME) VALUES(12247, 'thinkfilm');
INSERT INTO PRODUCTION_COMPANY(COMPANY_ID, NAME) VALUES(79028, 'X3 Canada Productions');
INSERT INTO PRODUCTION_COMPANY(COMPANY_ID, NAME) VALUES(79029, 'X3US Productions');
INSERT INTO PRODUCTION_COMPANY(COMPANY_ID, NAME) VALUES(79030, 'XM3 Service');
INSERT INTO PRODUCTION_COMPANY(COMPANY_ID, NAME) VALUES(3, 'Pixar Animation Studios');
INSERT INTO PRODUCTION_COMPANY(COMPANY_ID, NAME) VALUES(27, 'DreamWorks SKG');
INSERT INTO PRODUCTION_COMPANY(COMPANY_ID, NAME) VALUES(435, 'Di Bonaventura Pictures');
INSERT INTO PRODUCTION_COMPANY(COMPANY_ID, NAME) VALUES(2481, 'Platinum Dunes');
INSERT INTO PRODUCTION_COMPANY(COMPANY_ID, NAME) VALUES(22826, 'Hasbro Studios');
INSERT INTO PRODUCTION_COMPANY(COMPANY_ID, NAME) VALUES(11413, 'China Movie Channel');
INSERT INTO PRODUCTION_COMPANY(COMPANY_ID, NAME) VALUES(38833, 'Ian Bryce Productions');
INSERT INTO PRODUCTION_COMPANY(COMPANY_ID, NAME) VALUES(31828, 'Avi Arad Productions');
INSERT INTO PRODUCTION_COMPANY(COMPANY_ID, NAME) VALUES(53462, 'Matt Tolmach Productions');
INSERT INTO PRODUCTION_COMPANY(COMPANY_ID, NAME) VALUES(7161, 'LivePlanet');
INSERT INTO PRODUCTION_COMPANY(COMPANY_ID, NAME) VALUES(18713, 'Prana Studios');
INSERT INTO PRODUCTION_COMPANY(COMPANY_ID, NAME) VALUES(23791, 'Sean Bailey Productions');
INSERT INTO PRODUCTION_COMPANY(COMPANY_ID, NAME) VALUES(76067, 'Kontsept Film Company');
INSERT INTO PRODUCTION_COMPANY(COMPANY_ID, NAME) VALUES(2609, 'De Line Pictures');
INSERT INTO PRODUCTION_COMPANY(COMPANY_ID, NAME) VALUES(4021, 'The Halcyon Company');
INSERT INTO PRODUCTION_COMPANY(COMPANY_ID, NAME) VALUES(4022, 'Wonderland Sound and Vision');
INSERT INTO PRODUCTION_COMPANY(COMPANY_ID, NAME) VALUES(333, 'Original Film');
INSERT INTO PRODUCTION_COMPANY(COMPANY_ID, NAME) VALUES(7154, 'One Race Films');
INSERT INTO PRODUCTION_COMPANY(COMPANY_ID, NAME) VALUES(40890, 'China Film Co.');
INSERT INTO PRODUCTION_COMPANY(COMPANY_ID, NAME) VALUES(86352, 'Qu\u00e9bec Production Services Tax Credit');
INSERT INTO PRODUCTION_COMPANY(COMPANY_ID, NAME) VALUES(86655, 'Media Rights Capital (MRC)');
INSERT INTO PRODUCTION_COMPANY(COMPANY_ID, NAME) VALUES(87857, 'Abu Dhabi Film Commission');
INSERT INTO PRODUCTION_COMPANY(COMPANY_ID, NAME) VALUES(87858, 'Colorado Office of Film, Television  and  Media');
INSERT INTO PRODUCTION_COMPANY(COMPANY_ID, NAME) VALUES(3281, 'GK Films');
INSERT INTO PRODUCTION_COMPANY(COMPANY_ID, NAME) VALUES(6277, 'Skydance Productions');
INSERT INTO PRODUCTION_COMPANY(COMPANY_ID, NAME) VALUES(11956, 'Apparatus Productions');
INSERT INTO PRODUCTION_COMPANY(COMPANY_ID, NAME) VALUES(19108, 'Latina Pictures');
INSERT INTO PRODUCTION_COMPANY(COMPANY_ID, NAME) VALUES(23644, '2DUX\u00b2');
INSERT INTO PRODUCTION_COMPANY(COMPANY_ID, NAME) VALUES(22213, 'TSG Entertainment');
INSERT INTO PRODUCTION_COMPANY(COMPANY_ID, NAME) VALUES(37336, 'Down Productions');
INSERT INTO PRODUCTION_COMPANY(COMPANY_ID, NAME) VALUES(11461, 'Bad Robot');
INSERT INTO PRODUCTION_COMPANY(COMPANY_ID, NAME) VALUES(12536, 'Kurtzman/Orci');
INSERT INTO PRODUCTION_COMPANY(COMPANY_ID, NAME) VALUES(8406, 'Big Kid Pictures');
INSERT INTO PRODUCTION_COUNTRY(COUNTRY_ID, NAME) VALUES('Code', 'Name');
INSERT INTO PRODUCTION_COUNTRY(COUNTRY_ID, NAME) VALUES('AF', 'Afghanistan');
INSERT INTO PRODUCTION_COUNTRY(COUNTRY_ID, NAME) VALUES('AX', '?land Islands');
INSERT INTO PRODUCTION_COUNTRY(COUNTRY_ID, NAME) VALUES('AL', 'Albania');
INSERT INTO PRODUCTION_COUNTRY(COUNTRY_ID, NAME) VALUES('DZ', 'Algeria');
INSERT INTO PRODUCTION_COUNTRY(COUNTRY_ID, NAME) VALUES('AS', 'American Samoa');
INSERT INTO PRODUCTION_COUNTRY(COUNTRY_ID, NAME) VALUES('AD', 'Andorra');
INSERT INTO PRODUCTION_COUNTRY(COUNTRY_ID, NAME) VALUES('AO', 'Angola');
INSERT INTO PRODUCTION_COUNTRY(COUNTRY_ID, NAME) VALUES('AI', 'Anguilla');
INSERT INTO PRODUCTION_COUNTRY(COUNTRY_ID, NAME) VALUES('AQ', 'Antarctica');
INSERT INTO PRODUCTION_COUNTRY(COUNTRY_ID, NAME) VALUES('AG', 'Antigua and Barbuda');
INSERT INTO PRODUCTION_COUNTRY(COUNTRY_ID, NAME) VALUES('AR', 'Argentina');
INSERT INTO PRODUCTION_COUNTRY(COUNTRY_ID, NAME) VALUES('AM', 'Armenia');
INSERT INTO PRODUCTION_COUNTRY(COUNTRY_ID, NAME) VALUES('AW', 'Aruba');
INSERT INTO PRODUCTION_COUNTRY(COUNTRY_ID, NAME) VALUES('AU', 'Australia');
INSERT INTO PRODUCTION_COUNTRY(COUNTRY_ID, NAME) VALUES('AT', 'Austria');
INSERT INTO PRODUCTION_COUNTRY(COUNTRY_ID, NAME) VALUES('AZ', 'Azerbaijan');
INSERT INTO PRODUCTION_COUNTRY(COUNTRY_ID, NAME) VALUES('BS', 'Bahamas');
INSERT INTO PRODUCTION_COUNTRY(COUNTRY_ID, NAME) VALUES('BH', 'Bahrain');
INSERT INTO PRODUCTION_COUNTRY(COUNTRY_ID, NAME) VALUES('BD', 'Bangladesh');
INSERT INTO PRODUCTION_COUNTRY(COUNTRY_ID, NAME) VALUES('BB', 'Barbados');
INSERT INTO PRODUCTION_COUNTRY(COUNTRY_ID, NAME) VALUES('BY', 'Belarus');
INSERT INTO PRODUCTION_COUNTRY(COUNTRY_ID, NAME) VALUES('BE', 'Belgium');
INSERT INTO PRODUCTION_COUNTRY(COUNTRY_ID, NAME) VALUES('BZ', 'Belize');
INSERT INTO PRODUCTION_COUNTRY(COUNTRY_ID, NAME) VALUES('BJ', 'Benin');
INSERT INTO PRODUCTION_COUNTRY(COUNTRY_ID, NAME) VALUES('BM', 'Bermuda');
INSERT INTO PRODUCTION_COUNTRY(COUNTRY_ID, NAME) VALUES('BT', 'Bhutan');
INSERT INTO PRODUCTION_COUNTRY(COUNTRY_ID, NAME) VALUES('BO', 'Bolivia, Plurinational State of');
INSERT INTO PRODUCTION_COUNTRY(COUNTRY_ID, NAME) VALUES('BQ', 'Bonaire, Sint Eustatius and Saba');
INSERT INTO PRODUCTION_COUNTRY(COUNTRY_ID, NAME) VALUES('BA', 'Bosnia and Herzegovina');
INSERT INTO PRODUCTION_COUNTRY(COUNTRY_ID, NAME) VALUES('BW', 'Botswana');
INSERT INTO PRODUCTION_COUNTRY(COUNTRY_ID, NAME) VALUES('BV', 'Bouvet Island');
INSERT INTO PRODUCTION_COUNTRY(COUNTRY_ID, NAME) VALUES('BR', 'Brazil');
INSERT INTO PRODUCTION_COUNTRY(COUNTRY_ID, NAME) VALUES('IO', 'British Indian Ocean Territory');
INSERT INTO PRODUCTION_COUNTRY(COUNTRY_ID, NAME) VALUES('BN', 'Brunei Darussalam');
INSERT INTO PRODUCTION_COUNTRY(COUNTRY_ID, NAME) VALUES('BG', 'Bulgaria');
INSERT INTO PRODUCTION_COUNTRY(COUNTRY_ID, NAME) VALUES('BF', 'Burkina Faso');
INSERT INTO PRODUCTION_COUNTRY(COUNTRY_ID, NAME) VALUES('BI', 'Burundi');
INSERT INTO PRODUCTION_COUNTRY(COUNTRY_ID, NAME) VALUES('KH', 'Cambodia');
INSERT INTO PRODUCTION_COUNTRY(COUNTRY_ID, NAME) VALUES('CM', 'Cameroon');
INSERT INTO PRODUCTION_COUNTRY(COUNTRY_ID, NAME) VALUES('CA', 'Canada');
INSERT INTO PRODUCTION_COUNTRY(COUNTRY_ID, NAME) VALUES('CV', 'Cape Verde');
INSERT INTO PRODUCTION_COUNTRY(COUNTRY_ID, NAME) VALUES('KY', 'Cayman Islands');
INSERT INTO PRODUCTION_COUNTRY(COUNTRY_ID, NAME) VALUES('CF', 'CAR');
INSERT INTO PRODUCTION_COUNTRY(COUNTRY_ID, NAME) VALUES('TD', 'Chad');
INSERT INTO PRODUCTION_COUNTRY(COUNTRY_ID, NAME) VALUES('CL', 'Chile');
INSERT INTO PRODUCTION_COUNTRY(COUNTRY_ID, NAME) VALUES('CN', 'China');
INSERT INTO PRODUCTION_COUNTRY(COUNTRY_ID, NAME) VALUES('CX', 'Christmas Island');
INSERT INTO PRODUCTION_COUNTRY(COUNTRY_ID, NAME) VALUES('CC', 'Cocos Islands');
INSERT INTO PRODUCTION_COUNTRY(COUNTRY_ID, NAME) VALUES('CO', 'Colombia');
INSERT INTO PRODUCTION_COUNTRY(COUNTRY_ID, NAME) VALUES('KM', 'Comoros');
INSERT INTO PRODUCTION_COUNTRY(COUNTRY_ID, NAME) VALUES('CS', 'Chinske');
INSERT INTO PRODUCTION_COUNTRY(COUNTRY_ID, NAME) VALUES('CG', 'Congo');
INSERT INTO PRODUCTION_COUNTRY(COUNTRY_ID, NAME) VALUES('CD', 'Congo DR');
INSERT INTO PRODUCTION_COUNTRY(COUNTRY_ID, NAME) VALUES('CK', 'Cook Islands');
INSERT INTO PRODUCTION_COUNTRY(COUNTRY_ID, NAME) VALUES('CR', 'Costa Rica');
INSERT INTO PRODUCTION_COUNTRY(COUNTRY_ID, NAME) VALUES('CI', 'C?te dIvoire');
INSERT INTO PRODUCTION_COUNTRY(COUNTRY_ID, NAME) VALUES('HR', 'Croatia');
INSERT INTO PRODUCTION_COUNTRY(COUNTRY_ID, NAME) VALUES('CU', 'Cuba');
INSERT INTO PRODUCTION_COUNTRY(COUNTRY_ID, NAME) VALUES('CW', 'Cura?ao');
INSERT INTO PRODUCTION_COUNTRY(COUNTRY_ID, NAME) VALUES('CY', 'Cyprus');
INSERT INTO PRODUCTION_COUNTRY(COUNTRY_ID, NAME) VALUES('CZ', 'Czech Republic');
INSERT INTO PRODUCTION_COUNTRY(COUNTRY_ID, NAME) VALUES('DK', 'Denmark');
INSERT INTO PRODUCTION_COUNTRY(COUNTRY_ID, NAME) VALUES('DJ', 'Djibouti');
INSERT INTO PRODUCTION_COUNTRY(COUNTRY_ID, NAME) VALUES('DM', 'Dominica');
INSERT INTO PRODUCTION_COUNTRY(COUNTRY_ID, NAME) VALUES('DO', 'Dominican Republic');
INSERT INTO PRODUCTION_COUNTRY(COUNTRY_ID, NAME) VALUES('EC', 'Ecuador');
INSERT INTO PRODUCTION_COUNTRY(COUNTRY_ID, NAME) VALUES('EG', 'Egypt');
INSERT INTO PRODUCTION_COUNTRY(COUNTRY_ID, NAME) VALUES('SV', 'El Salvador');
INSERT INTO PRODUCTION_COUNTRY(COUNTRY_ID, NAME) VALUES('GQ', 'Equatorial Guinea');
INSERT INTO PRODUCTION_COUNTRY(COUNTRY_ID, NAME) VALUES('ER', 'Eritrea');
INSERT INTO PRODUCTION_COUNTRY(COUNTRY_ID, NAME) VALUES('EE', 'Estonia');
INSERT INTO PRODUCTION_COUNTRY(COUNTRY_ID, NAME) VALUES('ET', 'Ethiopia');
INSERT INTO PRODUCTION_COUNTRY(COUNTRY_ID, NAME) VALUES('FK', 'Falkland Islands');
INSERT INTO PRODUCTION_COUNTRY(COUNTRY_ID, NAME) VALUES('FO', 'Faroe Islands');
INSERT INTO PRODUCTION_COUNTRY(COUNTRY_ID, NAME) VALUES('FJ', 'Fiji');
INSERT INTO PRODUCTION_COUNTRY(COUNTRY_ID, NAME) VALUES('FI', 'Finland');
INSERT INTO PRODUCTION_COUNTRY(COUNTRY_ID, NAME) VALUES('FR', 'France');
INSERT INTO PRODUCTION_COUNTRY(COUNTRY_ID, NAME) VALUES('GF', 'French Guiana');
INSERT INTO PRODUCTION_COUNTRY(COUNTRY_ID, NAME) VALUES('PF', 'French Polynesia');
INSERT INTO PRODUCTION_COUNTRY(COUNTRY_ID, NAME) VALUES('TF', 'FST');
INSERT INTO PRODUCTION_COUNTRY(COUNTRY_ID, NAME) VALUES('GA', 'Gabon');
INSERT INTO PRODUCTION_COUNTRY(COUNTRY_ID, NAME) VALUES('GM', 'Gambia');
INSERT INTO PRODUCTION_COUNTRY(COUNTRY_ID, NAME) VALUES('GE', 'Georgia');
INSERT INTO PRODUCTION_COUNTRY(COUNTRY_ID, NAME) VALUES('DE', 'Germany');
INSERT INTO PRODUCTION_COUNTRY(COUNTRY_ID, NAME) VALUES('GH', 'Ghana');
INSERT INTO PRODUCTION_COUNTRY(COUNTRY_ID, NAME) VALUES('GI', 'Gibraltar');
INSERT INTO PRODUCTION_COUNTRY(COUNTRY_ID, NAME) VALUES('GR', 'Greece');
INSERT INTO PRODUCTION_COUNTRY(COUNTRY_ID, NAME) VALUES('GL', 'Greenland');
INSERT INTO PRODUCTION_COUNTRY(COUNTRY_ID, NAME) VALUES('GD', 'Grenada');
INSERT INTO PRODUCTION_COUNTRY(COUNTRY_ID, NAME) VALUES('GP', 'Guadeloupe');
INSERT INTO PRODUCTION_COUNTRY(COUNTRY_ID, NAME) VALUES('GU', 'Guam');
INSERT INTO PRODUCTION_COUNTRY(COUNTRY_ID, NAME) VALUES('GT', 'Guatemala');
INSERT INTO PRODUCTION_COUNTRY(COUNTRY_ID, NAME) VALUES('GG', 'Guernsey');
INSERT INTO PRODUCTION_COUNTRY(COUNTRY_ID, NAME) VALUES('GN', 'Guinea');
INSERT INTO PRODUCTION_COUNTRY(COUNTRY_ID, NAME) VALUES('GW', 'Guinea-Bissau');
INSERT INTO PRODUCTION_COUNTRY(COUNTRY_ID, NAME) VALUES('GY', 'Guyana');
INSERT INTO PRODUCTION_COUNTRY(COUNTRY_ID, NAME) VALUES('HT', 'Haiti');
INSERT INTO PRODUCTION_COUNTRY(COUNTRY_ID, NAME) VALUES('HN', 'Honduras');
INSERT INTO PRODUCTION_COUNTRY(COUNTRY_ID, NAME) VALUES('HK', 'Hong Kong');
INSERT INTO PRODUCTION_COUNTRY(COUNTRY_ID, NAME) VALUES('HU', 'Hungary');
INSERT INTO PRODUCTION_COUNTRY(COUNTRY_ID, NAME) VALUES('IS', 'Iceland');
INSERT INTO PRODUCTION_COUNTRY(COUNTRY_ID, NAME) VALUES('IN', 'India');
INSERT INTO PRODUCTION_COUNTRY(COUNTRY_ID, NAME) VALUES('ID', 'Indonesia');
INSERT INTO PRODUCTION_COUNTRY(COUNTRY_ID, NAME) VALUES('IR', 'Iran');
INSERT INTO PRODUCTION_COUNTRY(COUNTRY_ID, NAME) VALUES('IQ', 'Iraq');
INSERT INTO PRODUCTION_COUNTRY(COUNTRY_ID, NAME) VALUES('IE', 'Ireland');
INSERT INTO PRODUCTION_COUNTRY(COUNTRY_ID, NAME) VALUES('IM', 'Isle of Man');
INSERT INTO PRODUCTION_COUNTRY(COUNTRY_ID, NAME) VALUES('IL', 'Israel');
INSERT INTO PRODUCTION_COUNTRY(COUNTRY_ID, NAME) VALUES('IT', 'Italy');
INSERT INTO PRODUCTION_COUNTRY(COUNTRY_ID, NAME) VALUES('JM', 'Jamaica');
INSERT INTO PRODUCTION_COUNTRY(COUNTRY_ID, NAME) VALUES('JP', 'Japan');
INSERT INTO PRODUCTION_COUNTRY(COUNTRY_ID, NAME) VALUES('JE', 'Jersey');
INSERT INTO PRODUCTION_COUNTRY(COUNTRY_ID, NAME) VALUES('JO', 'Jordan');
INSERT INTO PRODUCTION_COUNTRY(COUNTRY_ID, NAME) VALUES('KZ', 'Kazakhstan');
INSERT INTO PRODUCTION_COUNTRY(COUNTRY_ID, NAME) VALUES('KE', 'Kenya');
INSERT INTO PRODUCTION_COUNTRY(COUNTRY_ID, NAME) VALUES('KI', 'Kiribati');
INSERT INTO PRODUCTION_COUNTRY(COUNTRY_ID, NAME) VALUES('KP', 'Korea');
INSERT INTO PRODUCTION_COUNTRY(COUNTRY_ID, NAME) VALUES('KR', 'Korea, Republic ');
INSERT INTO PRODUCTION_COUNTRY(COUNTRY_ID, NAME) VALUES('KW', 'Kuwait');
INSERT INTO PRODUCTION_COUNTRY(COUNTRY_ID, NAME) VALUES('KG', 'Kyrgyzstan');
INSERT INTO PRODUCTION_COUNTRY(COUNTRY_ID, NAME) VALUES('LA', 'Lao Peoples ');
INSERT INTO PRODUCTION_COUNTRY(COUNTRY_ID, NAME) VALUES('LV', 'Latvia');
INSERT INTO PRODUCTION_COUNTRY(COUNTRY_ID, NAME) VALUES('LB', 'Lebanon');
INSERT INTO PRODUCTION_COUNTRY(COUNTRY_ID, NAME) VALUES('LS', 'Lesotho');
INSERT INTO PRODUCTION_COUNTRY(COUNTRY_ID, NAME) VALUES('LR', 'Liberia');
INSERT INTO PRODUCTION_COUNTRY(COUNTRY_ID, NAME) VALUES('LY', 'Libya');
INSERT INTO PRODUCTION_COUNTRY(COUNTRY_ID, NAME) VALUES('LI', 'Liechtenstein');
INSERT INTO PRODUCTION_COUNTRY(COUNTRY_ID, NAME) VALUES('LT', 'Lithuania');
INSERT INTO PRODUCTION_COUNTRY(COUNTRY_ID, NAME) VALUES('LU', 'Luxembourg');
INSERT INTO PRODUCTION_COUNTRY(COUNTRY_ID, NAME) VALUES('MO', 'Macao');
INSERT INTO PRODUCTION_COUNTRY(COUNTRY_ID, NAME) VALUES(' MK', 'Macedonia');
INSERT INTO PRODUCTION_COUNTRY(COUNTRY_ID, NAME) VALUES('MG', 'Madagascar');
INSERT INTO PRODUCTION_COUNTRY(COUNTRY_ID, NAME) VALUES('MW', 'Malawi');
INSERT INTO PRODUCTION_COUNTRY(COUNTRY_ID, NAME) VALUES('MY', 'Malaysia');
INSERT INTO PRODUCTION_COUNTRY(COUNTRY_ID, NAME) VALUES('MV', 'Maldives');
INSERT INTO PRODUCTION_COUNTRY(COUNTRY_ID, NAME) VALUES('ML', 'Mali');
INSERT INTO PRODUCTION_COUNTRY(COUNTRY_ID, NAME) VALUES('MT', 'Malta');
INSERT INTO PRODUCTION_COUNTRY(COUNTRY_ID, NAME) VALUES('MH', 'Marshall Islands');
INSERT INTO PRODUCTION_COUNTRY(COUNTRY_ID, NAME) VALUES('MQ', 'Martinique');
INSERT INTO PRODUCTION_COUNTRY(COUNTRY_ID, NAME) VALUES('MR', 'Mauritania');
INSERT INTO PRODUCTION_COUNTRY(COUNTRY_ID, NAME) VALUES('MU', 'Mauritius');
INSERT INTO PRODUCTION_COUNTRY(COUNTRY_ID, NAME) VALUES('YT', 'Mayotte');
INSERT INTO PRODUCTION_COUNTRY(COUNTRY_ID, NAME) VALUES('MX', 'Mexico');
INSERT INTO PRODUCTION_COUNTRY(COUNTRY_ID, NAME) VALUES('FM', 'Micronesia');
INSERT INTO PRODUCTION_COUNTRY(COUNTRY_ID, NAME) VALUES('MD', 'Moldova, Republic of');
INSERT INTO PRODUCTION_COUNTRY(COUNTRY_ID, NAME) VALUES('MC', 'Monaco');
INSERT INTO PRODUCTION_COUNTRY(COUNTRY_ID, NAME) VALUES('MN', 'Mongolia');
INSERT INTO PRODUCTION_COUNTRY(COUNTRY_ID, NAME) VALUES('ME', 'Montenegro');
INSERT INTO PRODUCTION_COUNTRY(COUNTRY_ID, NAME) VALUES('MS', 'Montserrat');
INSERT INTO PRODUCTION_COUNTRY(COUNTRY_ID, NAME) VALUES('MA', 'Morocco');
INSERT INTO PRODUCTION_COUNTRY(COUNTRY_ID, NAME) VALUES('MZ', 'Mozambique');
INSERT INTO PRODUCTION_COUNTRY(COUNTRY_ID, NAME) VALUES('MM', 'Myanmar');
INSERT INTO PRODUCTION_COUNTRY(COUNTRY_ID, NAME) VALUES('NA', 'Namibia');
INSERT INTO PRODUCTION_COUNTRY(COUNTRY_ID, NAME) VALUES('NR', 'Nauru');
INSERT INTO PRODUCTION_COUNTRY(COUNTRY_ID, NAME) VALUES('NP', 'Nepal');
INSERT INTO PRODUCTION_COUNTRY(COUNTRY_ID, NAME) VALUES('NL', 'Netherlands');
INSERT INTO PRODUCTION_COUNTRY(COUNTRY_ID, NAME) VALUES('NC', 'New Caledonia');
INSERT INTO PRODUCTION_COUNTRY(COUNTRY_ID, NAME) VALUES('NZ', 'New Zealand');
INSERT INTO PRODUCTION_COUNTRY(COUNTRY_ID, NAME) VALUES('NI', 'Nicaragua');
INSERT INTO PRODUCTION_COUNTRY(COUNTRY_ID, NAME) VALUES('NE', 'Niger');
INSERT INTO PRODUCTION_COUNTRY(COUNTRY_ID, NAME) VALUES('NG', 'Nigeria');
INSERT INTO PRODUCTION_COUNTRY(COUNTRY_ID, NAME) VALUES('NU', 'Niue');
INSERT INTO PRODUCTION_COUNTRY(COUNTRY_ID, NAME) VALUES('NF', 'Norfolk Island');
INSERT INTO PRODUCTION_COUNTRY(COUNTRY_ID, NAME) VALUES('MP', 'Northern Mariana Islands');
INSERT INTO PRODUCTION_COUNTRY(COUNTRY_ID, NAME) VALUES('NO', 'Norway');
INSERT INTO PRODUCTION_COUNTRY(COUNTRY_ID, NAME) VALUES('OM', 'Oman');
INSERT INTO PRODUCTION_COUNTRY(COUNTRY_ID, NAME) VALUES('PK', 'Pakistan');
INSERT INTO PRODUCTION_COUNTRY(COUNTRY_ID, NAME) VALUES('PW', 'Palau');
INSERT INTO PRODUCTION_COUNTRY(COUNTRY_ID, NAME) VALUES('PS', 'Palestine, State of');
INSERT INTO PRODUCTION_COUNTRY(COUNTRY_ID, NAME) VALUES('PA', 'Panama');
INSERT INTO PRODUCTION_COUNTRY(COUNTRY_ID, NAME) VALUES('PG', 'Papua New Guinea');
INSERT INTO PRODUCTION_COUNTRY(COUNTRY_ID, NAME) VALUES('PY', 'Paraguay');
INSERT INTO PRODUCTION_COUNTRY(COUNTRY_ID, NAME) VALUES('PE', 'Peru');
INSERT INTO PRODUCTION_COUNTRY(COUNTRY_ID, NAME) VALUES('PH', 'Philippines');
INSERT INTO PRODUCTION_COUNTRY(COUNTRY_ID, NAME) VALUES('PN', 'Pitcairn');
INSERT INTO PRODUCTION_COUNTRY(COUNTRY_ID, NAME) VALUES('PL', 'Poland');
INSERT INTO PRODUCTION_COUNTRY(COUNTRY_ID, NAME) VALUES('PT', 'Portugal');
INSERT INTO PRODUCTION_COUNTRY(COUNTRY_ID, NAME) VALUES('PR', 'Puerto Rico');
INSERT INTO PRODUCTION_COUNTRY(COUNTRY_ID, NAME) VALUES('QA', 'Qatar');
INSERT INTO PRODUCTION_COUNTRY(COUNTRY_ID, NAME) VALUES('RE', 'R?union');
INSERT INTO PRODUCTION_COUNTRY(COUNTRY_ID, NAME) VALUES('RO', 'Romania');
INSERT INTO PRODUCTION_COUNTRY(COUNTRY_ID, NAME) VALUES('RU', 'Russian Federation');
INSERT INTO PRODUCTION_COUNTRY(COUNTRY_ID, NAME) VALUES('RW', 'Rwanda');
INSERT INTO PRODUCTION_COUNTRY(COUNTRY_ID, NAME) VALUES('BL', 'Saint Barth?lemy');
INSERT INTO PRODUCTION_COUNTRY(COUNTRY_ID, NAME) VALUES('SH', 'Saint Helena');
INSERT INTO PRODUCTION_COUNTRY(COUNTRY_ID, NAME) VALUES('KN', 'Saint Kitts and Nevis');
INSERT INTO PRODUCTION_COUNTRY(COUNTRY_ID, NAME) VALUES('LC', 'Saint Lucia');
INSERT INTO PRODUCTION_COUNTRY(COUNTRY_ID, NAME) VALUES('MF', 'Saint Martin (French part)');
INSERT INTO PRODUCTION_COUNTRY(COUNTRY_ID, NAME) VALUES('PM', 'Saint Pierre and Miquelon');
INSERT INTO PRODUCTION_COUNTRY(COUNTRY_ID, NAME) VALUES('VC', 'Saint Vincent');
INSERT INTO PRODUCTION_COUNTRY(COUNTRY_ID, NAME) VALUES('WS', 'Samoa');
INSERT INTO PRODUCTION_COUNTRY(COUNTRY_ID, NAME) VALUES('SM', 'San Marino');
INSERT INTO PRODUCTION_COUNTRY(COUNTRY_ID, NAME) VALUES('ST', 'Sao Tome and Principe');
INSERT INTO PRODUCTION_COUNTRY(COUNTRY_ID, NAME) VALUES('SA', 'Saudi Arabia');
INSERT INTO PRODUCTION_COUNTRY(COUNTRY_ID, NAME) VALUES('SN', 'Senegal');
INSERT INTO PRODUCTION_COUNTRY(COUNTRY_ID, NAME) VALUES('RS', 'Serbia');
INSERT INTO PRODUCTION_COUNTRY(COUNTRY_ID, NAME) VALUES('SC', 'Seychelles');
INSERT INTO PRODUCTION_COUNTRY(COUNTRY_ID, NAME) VALUES('SL', 'Sierra Leone');
INSERT INTO PRODUCTION_COUNTRY(COUNTRY_ID, NAME) VALUES('SG', 'Singapore');
INSERT INTO PRODUCTION_COUNTRY(COUNTRY_ID, NAME) VALUES('SX', 'Sint Maarten (Dutch part)');
INSERT INTO PRODUCTION_COUNTRY(COUNTRY_ID, NAME) VALUES('SK', 'Slovakia');
INSERT INTO PRODUCTION_COUNTRY(COUNTRY_ID, NAME) VALUES('SI', 'Slovenia');
INSERT INTO PRODUCTION_COUNTRY(COUNTRY_ID, NAME) VALUES('SB', 'Solomon Islands');
INSERT INTO PRODUCTION_COUNTRY(COUNTRY_ID, NAME) VALUES('SO', 'Somalia');
INSERT INTO PRODUCTION_COUNTRY(COUNTRY_ID, NAME) VALUES('ZA', 'South Africa');
INSERT INTO PRODUCTION_COUNTRY(COUNTRY_ID, NAME) VALUES('GS', 'South Georgia');
INSERT INTO PRODUCTION_COUNTRY(COUNTRY_ID, NAME) VALUES('SS', 'South Sudan');
INSERT INTO PRODUCTION_COUNTRY(COUNTRY_ID, NAME) VALUES('ES', 'Spain');
INSERT INTO PRODUCTION_COUNTRY(COUNTRY_ID, NAME) VALUES('LK', 'Sri Lanka');
INSERT INTO PRODUCTION_COUNTRY(COUNTRY_ID, NAME) VALUES('SD', 'Sudan');
INSERT INTO PRODUCTION_COUNTRY(COUNTRY_ID, NAME) VALUES('SR', 'Suriname');
INSERT INTO PRODUCTION_COUNTRY(COUNTRY_ID, NAME) VALUES('SJ', 'Svalbard and Jan Mayen');
INSERT INTO PRODUCTION_COUNTRY(COUNTRY_ID, NAME) VALUES('SZ', 'Swaziland');
INSERT INTO PRODUCTION_COUNTRY(COUNTRY_ID, NAME) VALUES('SE', 'Sweden');
INSERT INTO PRODUCTION_COUNTRY(COUNTRY_ID, NAME) VALUES('CH', 'Switzerland');
INSERT INTO PRODUCTION_COUNTRY(COUNTRY_ID, NAME) VALUES('SY', 'Syrian Arab Republic');
INSERT INTO PRODUCTION_COUNTRY(COUNTRY_ID, NAME) VALUES('TW', 'Taiwan, Province of China');
INSERT INTO PRODUCTION_COUNTRY(COUNTRY_ID, NAME) VALUES('TJ', 'Tajikistan');
INSERT INTO PRODUCTION_COUNTRY(COUNTRY_ID, NAME) VALUES('TZ', 'Tanzania, United Republic of');
INSERT INTO PRODUCTION_COUNTRY(COUNTRY_ID, NAME) VALUES('TH', 'Thailand');
INSERT INTO PRODUCTION_COUNTRY(COUNTRY_ID, NAME) VALUES('TL', 'Timor-Leste');
INSERT INTO PRODUCTION_COUNTRY(COUNTRY_ID, NAME) VALUES('TG', 'Togo');
INSERT INTO PRODUCTION_COUNTRY(COUNTRY_ID, NAME) VALUES('TK', 'Tokelau');
INSERT INTO PRODUCTION_COUNTRY(COUNTRY_ID, NAME) VALUES('TO', 'Tonga');
INSERT INTO PRODUCTION_COUNTRY(COUNTRY_ID, NAME) VALUES('TT', 'Trinidad and Tobago');
INSERT INTO PRODUCTION_COUNTRY(COUNTRY_ID, NAME) VALUES('TN', 'Tunisia');
INSERT INTO PRODUCTION_COUNTRY(COUNTRY_ID, NAME) VALUES('TR', 'Turkey');
INSERT INTO PRODUCTION_COUNTRY(COUNTRY_ID, NAME) VALUES('TM', 'Turkmenistan');
INSERT INTO PRODUCTION_COUNTRY(COUNTRY_ID, NAME) VALUES('TC', 'Turks and Caicos Islands');
INSERT INTO PRODUCTION_COUNTRY(COUNTRY_ID, NAME) VALUES('TV', 'Tuvalu');
INSERT INTO PRODUCTION_COUNTRY(COUNTRY_ID, NAME) VALUES('UG', 'Uganda');
INSERT INTO PRODUCTION_COUNTRY(COUNTRY_ID, NAME) VALUES('UA', 'Ukraine');
INSERT INTO PRODUCTION_COUNTRY(COUNTRY_ID, NAME) VALUES('AE', 'United Arab Emirates');
INSERT INTO PRODUCTION_COUNTRY(COUNTRY_ID, NAME) VALUES('GB', 'United Kingdom');
INSERT INTO PRODUCTION_COUNTRY(COUNTRY_ID, NAME) VALUES('US', 'United States');
INSERT INTO PRODUCTION_COUNTRY(COUNTRY_ID, NAME) VALUES('UM', 'United States');
INSERT INTO PRODUCTION_COUNTRY(COUNTRY_ID, NAME) VALUES('UY', 'Uruguay');
INSERT INTO PRODUCTION_COUNTRY(COUNTRY_ID, NAME) VALUES('UZ', 'Uzbekistan');
INSERT INTO PRODUCTION_COUNTRY(COUNTRY_ID, NAME) VALUES('VU', 'Vanuatu');
INSERT INTO PRODUCTION_COUNTRY(COUNTRY_ID, NAME) VALUES('VE', 'Venezuela,');
INSERT INTO PRODUCTION_COUNTRY(COUNTRY_ID, NAME) VALUES('VN', 'Viet Nam');
INSERT INTO PRODUCTION_COUNTRY(COUNTRY_ID, NAME) VALUES('VG', 'Virgin Islands, British');
INSERT INTO PRODUCTION_COUNTRY(COUNTRY_ID, NAME) VALUES('VI', 'Virgin Islands, U.S.');
INSERT INTO PRODUCTION_COUNTRY(COUNTRY_ID, NAME) VALUES('WF', 'Wallis and Futuna');
INSERT INTO PRODUCTION_COUNTRY(COUNTRY_ID, NAME) VALUES('EH', 'Western Sahara');
INSERT INTO PRODUCTION_COUNTRY(COUNTRY_ID, NAME) VALUES('YE', 'Yemen');
INSERT INTO PRODUCTION_COUNTRY(COUNTRY_ID, NAME) VALUES('ZM', 'Zambia');
INSERT INTO PRODUCTION_COUNTRY(COUNTRY_ID, NAME) VALUES('ZW', 'Zimbabwe');
INSERT INTO SPOKEN_LANGUAGES(LANGUAGE_ID, NAME) VALUES('alpha2', 'English');
INSERT INTO SPOKEN_LANGUAGES(LANGUAGE_ID, NAME) VALUES('0', 'Not mentioned');
INSERT INTO SPOKEN_LANGUAGES(LANGUAGE_ID, NAME) VALUES('aa', 'Afar');
INSERT INTO SPOKEN_LANGUAGES(LANGUAGE_ID, NAME) VALUES('ab', 'Abkhazian');
INSERT INTO SPOKEN_LANGUAGES(LANGUAGE_ID, NAME) VALUES('ae', 'Avestan');
INSERT INTO SPOKEN_LANGUAGES(LANGUAGE_ID, NAME) VALUES('af', 'Afrikaans');
INSERT INTO SPOKEN_LANGUAGES(LANGUAGE_ID, NAME) VALUES('ak', 'Akan');
INSERT INTO SPOKEN_LANGUAGES(LANGUAGE_ID, NAME) VALUES('am', 'Amharic');
INSERT INTO SPOKEN_LANGUAGES(LANGUAGE_ID, NAME) VALUES('an', 'Aragonese');
INSERT INTO SPOKEN_LANGUAGES(LANGUAGE_ID, NAME) VALUES('ar', 'Arabic');
INSERT INTO SPOKEN_LANGUAGES(LANGUAGE_ID, NAME) VALUES('as', 'Assamese');
INSERT INTO SPOKEN_LANGUAGES(LANGUAGE_ID, NAME) VALUES('av', 'Avaric');
INSERT INTO SPOKEN_LANGUAGES(LANGUAGE_ID, NAME) VALUES('ay', 'Aymara');
INSERT INTO SPOKEN_LANGUAGES(LANGUAGE_ID, NAME) VALUES('az', 'Azerbaijani');
INSERT INTO SPOKEN_LANGUAGES(LANGUAGE_ID, NAME) VALUES('ba', 'Bashkir');
INSERT INTO SPOKEN_LANGUAGES(LANGUAGE_ID, NAME) VALUES('be', 'Belarusian');
INSERT INTO SPOKEN_LANGUAGES(LANGUAGE_ID, NAME) VALUES('bg', 'Bulgarian');
INSERT INTO SPOKEN_LANGUAGES(LANGUAGE_ID, NAME) VALUES('bh', 'Bihari languages');
INSERT INTO SPOKEN_LANGUAGES(LANGUAGE_ID, NAME) VALUES('bi', 'Bislama');
INSERT INTO SPOKEN_LANGUAGES(LANGUAGE_ID, NAME) VALUES('bm', 'Bambara');
INSERT INTO SPOKEN_LANGUAGES(LANGUAGE_ID, NAME) VALUES('bn', 'Bengali');
INSERT INTO SPOKEN_LANGUAGES(LANGUAGE_ID, NAME) VALUES('bo', 'Tibetan');
INSERT INTO SPOKEN_LANGUAGES(LANGUAGE_ID, NAME) VALUES('br', 'Breton');
INSERT INTO SPOKEN_LANGUAGES(LANGUAGE_ID, NAME) VALUES('bs', 'Bosnian');
INSERT INTO SPOKEN_LANGUAGES(LANGUAGE_ID, NAME) VALUES('ca', 'Catalan');
INSERT INTO SPOKEN_LANGUAGES(LANGUAGE_ID, NAME) VALUES('ce', 'Chechen');
INSERT INTO SPOKEN_LANGUAGES(LANGUAGE_ID, NAME) VALUES('ch', 'Chamorro');
INSERT INTO SPOKEN_LANGUAGES(LANGUAGE_ID, NAME) VALUES('co', 'Corsican');
INSERT INTO SPOKEN_LANGUAGES(LANGUAGE_ID, NAME) VALUES('cr', 'Cree');
INSERT INTO SPOKEN_LANGUAGES(LANGUAGE_ID, NAME) VALUES('cn', 'Cnode');
INSERT INTO SPOKEN_LANGUAGES(LANGUAGE_ID, NAME) VALUES('cs', 'Czech');
INSERT INTO SPOKEN_LANGUAGES(LANGUAGE_ID, NAME) VALUES('cu', 'Church Slavic');
INSERT INTO SPOKEN_LANGUAGES(LANGUAGE_ID, NAME) VALUES('cv', 'Chuvash');
INSERT INTO SPOKEN_LANGUAGES(LANGUAGE_ID, NAME) VALUES('cy', 'Welsh');
INSERT INTO SPOKEN_LANGUAGES(LANGUAGE_ID, NAME) VALUES('da', 'Danish');
INSERT INTO SPOKEN_LANGUAGES(LANGUAGE_ID, NAME) VALUES('de', 'German');
INSERT INTO SPOKEN_LANGUAGES(LANGUAGE_ID, NAME) VALUES('dv', 'Divehi');
INSERT INTO SPOKEN_LANGUAGES(LANGUAGE_ID, NAME) VALUES('dz', 'Dzongkha');
INSERT INTO SPOKEN_LANGUAGES(LANGUAGE_ID, NAME) VALUES('ee', 'Ewe');
INSERT INTO SPOKEN_LANGUAGES(LANGUAGE_ID, NAME) VALUES('el', 'Greek');
INSERT INTO SPOKEN_LANGUAGES(LANGUAGE_ID, NAME) VALUES('en', 'English');
INSERT INTO SPOKEN_LANGUAGES(LANGUAGE_ID, NAME) VALUES('eo', 'Esperanto');
INSERT INTO SPOKEN_LANGUAGES(LANGUAGE_ID, NAME) VALUES('es', 'Spanish');
INSERT INTO SPOKEN_LANGUAGES(LANGUAGE_ID, NAME) VALUES('et', 'Estonian');
INSERT INTO SPOKEN_LANGUAGES(LANGUAGE_ID, NAME) VALUES('eu', 'Basque');
INSERT INTO SPOKEN_LANGUAGES(LANGUAGE_ID, NAME) VALUES('fa', 'Persian');
INSERT INTO SPOKEN_LANGUAGES(LANGUAGE_ID, NAME) VALUES('ff', 'Fulah');
INSERT INTO SPOKEN_LANGUAGES(LANGUAGE_ID, NAME) VALUES('fi', 'Finnish');
INSERT INTO SPOKEN_LANGUAGES(LANGUAGE_ID, NAME) VALUES('fj', 'Fijian');
INSERT INTO SPOKEN_LANGUAGES(LANGUAGE_ID, NAME) VALUES('fo', 'Faroese');
INSERT INTO SPOKEN_LANGUAGES(LANGUAGE_ID, NAME) VALUES('fr', 'French');
INSERT INTO SPOKEN_LANGUAGES(LANGUAGE_ID, NAME) VALUES('fy', 'Western Frisian');
INSERT INTO SPOKEN_LANGUAGES(LANGUAGE_ID, NAME) VALUES('ga', 'Irish');
INSERT INTO SPOKEN_LANGUAGES(LANGUAGE_ID, NAME) VALUES('gd', 'Gaelic');
INSERT INTO SPOKEN_LANGUAGES(LANGUAGE_ID, NAME) VALUES('gl', 'Galician');
INSERT INTO SPOKEN_LANGUAGES(LANGUAGE_ID, NAME) VALUES('gn', 'Guarani');
INSERT INTO SPOKEN_LANGUAGES(LANGUAGE_ID, NAME) VALUES('gu', 'Gujarati');
INSERT INTO SPOKEN_LANGUAGES(LANGUAGE_ID, NAME) VALUES('gv', 'Manx');
INSERT INTO SPOKEN_LANGUAGES(LANGUAGE_ID, NAME) VALUES('ha', 'Hausa');
INSERT INTO SPOKEN_LANGUAGES(LANGUAGE_ID, NAME) VALUES('he', 'Hebrew');
INSERT INTO SPOKEN_LANGUAGES(LANGUAGE_ID, NAME) VALUES('hi', 'Hindi');
INSERT INTO SPOKEN_LANGUAGES(LANGUAGE_ID, NAME) VALUES('ho', 'Hiri Motu');
INSERT INTO SPOKEN_LANGUAGES(LANGUAGE_ID, NAME) VALUES('hr', 'Croatian');
INSERT INTO SPOKEN_LANGUAGES(LANGUAGE_ID, NAME) VALUES('ht', 'Haitian');
INSERT INTO SPOKEN_LANGUAGES(LANGUAGE_ID, NAME) VALUES('hu', 'Hungarian');
INSERT INTO SPOKEN_LANGUAGES(LANGUAGE_ID, NAME) VALUES('hy', 'Armenian');
INSERT INTO SPOKEN_LANGUAGES(LANGUAGE_ID, NAME) VALUES('hz', 'Herero');
INSERT INTO SPOKEN_LANGUAGES(LANGUAGE_ID, NAME) VALUES('ia', 'Interlingua');
INSERT INTO SPOKEN_LANGUAGES(LANGUAGE_ID, NAME) VALUES('id', 'Indonesian');
INSERT INTO SPOKEN_LANGUAGES(LANGUAGE_ID, NAME) VALUES('ie', 'Interlingue');
INSERT INTO SPOKEN_LANGUAGES(LANGUAGE_ID, NAME) VALUES('ig', 'Igbo');
INSERT INTO SPOKEN_LANGUAGES(LANGUAGE_ID, NAME) VALUES('ii', 'Sichuan Yi');
INSERT INTO SPOKEN_LANGUAGES(LANGUAGE_ID, NAME) VALUES('ik', 'Inupiaq');
INSERT INTO SPOKEN_LANGUAGES(LANGUAGE_ID, NAME) VALUES('io', 'Ido');
INSERT INTO SPOKEN_LANGUAGES(LANGUAGE_ID, NAME) VALUES('is', 'Icelandic');
INSERT INTO SPOKEN_LANGUAGES(LANGUAGE_ID, NAME) VALUES('it', 'Italian');
INSERT INTO SPOKEN_LANGUAGES(LANGUAGE_ID, NAME) VALUES('iu', 'Inuktitut');
INSERT INTO SPOKEN_LANGUAGES(LANGUAGE_ID, NAME) VALUES('ja', 'Japanese');
INSERT INTO SPOKEN_LANGUAGES(LANGUAGE_ID, NAME) VALUES('jv', 'Javanese');
INSERT INTO SPOKEN_LANGUAGES(LANGUAGE_ID, NAME) VALUES('ka', 'Georgian');
INSERT INTO SPOKEN_LANGUAGES(LANGUAGE_ID, NAME) VALUES('kg', 'Kongo');
INSERT INTO SPOKEN_LANGUAGES(LANGUAGE_ID, NAME) VALUES('ki', 'Kikuyu');
INSERT INTO SPOKEN_LANGUAGES(LANGUAGE_ID, NAME) VALUES('kj', 'Kuanyama');
INSERT INTO SPOKEN_LANGUAGES(LANGUAGE_ID, NAME) VALUES('kk', 'Kazakh');
INSERT INTO SPOKEN_LANGUAGES(LANGUAGE_ID, NAME) VALUES('kl', 'Kalaallisut');
INSERT INTO SPOKEN_LANGUAGES(LANGUAGE_ID, NAME) VALUES('km', 'Central Khmer');
INSERT INTO SPOKEN_LANGUAGES(LANGUAGE_ID, NAME) VALUES('kn', 'Kannada');
INSERT INTO SPOKEN_LANGUAGES(LANGUAGE_ID, NAME) VALUES('ko', 'Korean');
INSERT INTO SPOKEN_LANGUAGES(LANGUAGE_ID, NAME) VALUES('kr', 'Kanuri');
INSERT INTO SPOKEN_LANGUAGES(LANGUAGE_ID, NAME) VALUES('ks', 'Kashmiri');
INSERT INTO SPOKEN_LANGUAGES(LANGUAGE_ID, NAME) VALUES('ku', 'Kurdish');
INSERT INTO SPOKEN_LANGUAGES(LANGUAGE_ID, NAME) VALUES('kv', 'Komi');
INSERT INTO SPOKEN_LANGUAGES(LANGUAGE_ID, NAME) VALUES('kw', 'Cornish');
INSERT INTO SPOKEN_LANGUAGES(LANGUAGE_ID, NAME) VALUES('ky', 'Kirghiz; Kyrgyz');
INSERT INTO SPOKEN_LANGUAGES(LANGUAGE_ID, NAME) VALUES('la', 'Latin');
INSERT INTO SPOKEN_LANGUAGES(LANGUAGE_ID, NAME) VALUES('lb', 'Luxembourgish');
INSERT INTO SPOKEN_LANGUAGES(LANGUAGE_ID, NAME) VALUES('lg', 'Ganda');
INSERT INTO SPOKEN_LANGUAGES(LANGUAGE_ID, NAME) VALUES('li', 'Limburgan');
INSERT INTO SPOKEN_LANGUAGES(LANGUAGE_ID, NAME) VALUES('ln', 'Lingala');
INSERT INTO SPOKEN_LANGUAGES(LANGUAGE_ID, NAME) VALUES('lo', 'Lao');
INSERT INTO SPOKEN_LANGUAGES(LANGUAGE_ID, NAME) VALUES('lt', 'Lithuanian');
INSERT INTO SPOKEN_LANGUAGES(LANGUAGE_ID, NAME) VALUES('lu', 'Luba-Katanga');
INSERT INTO SPOKEN_LANGUAGES(LANGUAGE_ID, NAME) VALUES('lv', 'Latvian');
INSERT INTO SPOKEN_LANGUAGES(LANGUAGE_ID, NAME) VALUES('mg', 'Malagasy');
INSERT INTO SPOKEN_LANGUAGES(LANGUAGE_ID, NAME) VALUES('mh', 'Marshallese');
INSERT INTO SPOKEN_LANGUAGES(LANGUAGE_ID, NAME) VALUES('mi', 'Maori');
INSERT INTO SPOKEN_LANGUAGES(LANGUAGE_ID, NAME) VALUES('mk', 'Macedonian');
INSERT INTO SPOKEN_LANGUAGES(LANGUAGE_ID, NAME) VALUES('ml', 'Malayalam');
INSERT INTO SPOKEN_LANGUAGES(LANGUAGE_ID, NAME) VALUES('mn', 'Mongolian');
INSERT INTO SPOKEN_LANGUAGES(LANGUAGE_ID, NAME) VALUES('mr', 'Marathi');
INSERT INTO SPOKEN_LANGUAGES(LANGUAGE_ID, NAME) VALUES('ms', 'Malay');
INSERT INTO SPOKEN_LANGUAGES(LANGUAGE_ID, NAME) VALUES('mt', 'Maltese');
INSERT INTO SPOKEN_LANGUAGES(LANGUAGE_ID, NAME) VALUES('my', 'Burmese');
INSERT INTO SPOKEN_LANGUAGES(LANGUAGE_ID, NAME) VALUES('na', 'Nauru');
INSERT INTO SPOKEN_LANGUAGES(LANGUAGE_ID, NAME) VALUES('nb', 'Bokm?l');
INSERT INTO SPOKEN_LANGUAGES(LANGUAGE_ID, NAME) VALUES('nd', 'Ndebele');
INSERT INTO SPOKEN_LANGUAGES(LANGUAGE_ID, NAME) VALUES('ne', 'Nepali');
INSERT INTO SPOKEN_LANGUAGES(LANGUAGE_ID, NAME) VALUES('ng', 'Ndonga');
INSERT INTO SPOKEN_LANGUAGES(LANGUAGE_ID, NAME) VALUES('nl', 'Dutch');
INSERT INTO SPOKEN_LANGUAGES(LANGUAGE_ID, NAME) VALUES('nn', 'Norwegian');
INSERT INTO SPOKEN_LANGUAGES(LANGUAGE_ID, NAME) VALUES('no', 'Norwegian');
INSERT INTO SPOKEN_LANGUAGES(LANGUAGE_ID, NAME) VALUES('nr', 'Ndebele');
INSERT INTO SPOKEN_LANGUAGES(LANGUAGE_ID, NAME) VALUES('nv', 'Navajo');
INSERT INTO SPOKEN_LANGUAGES(LANGUAGE_ID, NAME) VALUES('ny', 'Chichewa');
INSERT INTO SPOKEN_LANGUAGES(LANGUAGE_ID, NAME) VALUES('oc', 'Occitan');
INSERT INTO SPOKEN_LANGUAGES(LANGUAGE_ID, NAME) VALUES('oj', 'Ojibwa');
INSERT INTO SPOKEN_LANGUAGES(LANGUAGE_ID, NAME) VALUES('om', 'Oromo');
INSERT INTO SPOKEN_LANGUAGES(LANGUAGE_ID, NAME) VALUES('or', 'Oriya');
INSERT INTO SPOKEN_LANGUAGES(LANGUAGE_ID, NAME) VALUES('os', 'Ossetian');
INSERT INTO SPOKEN_LANGUAGES(LANGUAGE_ID, NAME) VALUES('pa', 'Panjabi');
INSERT INTO SPOKEN_LANGUAGES(LANGUAGE_ID, NAME) VALUES('pi', 'Pali');
INSERT INTO SPOKEN_LANGUAGES(LANGUAGE_ID, NAME) VALUES('pl', 'Polish');
INSERT INTO SPOKEN_LANGUAGES(LANGUAGE_ID, NAME) VALUES('ps', 'Pushto');
INSERT INTO SPOKEN_LANGUAGES(LANGUAGE_ID, NAME) VALUES('pt', 'Portuguese');
INSERT INTO SPOKEN_LANGUAGES(LANGUAGE_ID, NAME) VALUES('qu', 'Quechua');
INSERT INTO SPOKEN_LANGUAGES(LANGUAGE_ID, NAME) VALUES('rm', 'Romansh');
INSERT INTO SPOKEN_LANGUAGES(LANGUAGE_ID, NAME) VALUES('rn', 'Rundi');
INSERT INTO SPOKEN_LANGUAGES(LANGUAGE_ID, NAME) VALUES('ro', 'Romanian');
INSERT INTO SPOKEN_LANGUAGES(LANGUAGE_ID, NAME) VALUES('ru', 'Russian');
INSERT INTO SPOKEN_LANGUAGES(LANGUAGE_ID, NAME) VALUES('rw', 'Kinyarwanda');
INSERT INTO SPOKEN_LANGUAGES(LANGUAGE_ID, NAME) VALUES('sa', 'Sanskrit');
INSERT INTO SPOKEN_LANGUAGES(LANGUAGE_ID, NAME) VALUES('sc', 'Sardinian');
INSERT INTO SPOKEN_LANGUAGES(LANGUAGE_ID, NAME) VALUES('sd', 'Sindhi');
INSERT INTO SPOKEN_LANGUAGES(LANGUAGE_ID, NAME) VALUES('sh', 'Suahili');
INSERT INTO SPOKEN_LANGUAGES(LANGUAGE_ID, NAME) VALUES('se', 'Northern Sami');
INSERT INTO SPOKEN_LANGUAGES(LANGUAGE_ID, NAME) VALUES('sg', 'Sango');
INSERT INTO SPOKEN_LANGUAGES(LANGUAGE_ID, NAME) VALUES('si', 'Sinhala');
INSERT INTO SPOKEN_LANGUAGES(LANGUAGE_ID, NAME) VALUES('sk', 'Slovak');
INSERT INTO SPOKEN_LANGUAGES(LANGUAGE_ID, NAME) VALUES('sl', 'Slovenian');
INSERT INTO SPOKEN_LANGUAGES(LANGUAGE_ID, NAME) VALUES('sm', 'Samoan');
INSERT INTO SPOKEN_LANGUAGES(LANGUAGE_ID, NAME) VALUES('sn', 'Shona');
INSERT INTO SPOKEN_LANGUAGES(LANGUAGE_ID, NAME) VALUES('so', 'Somali');
INSERT INTO SPOKEN_LANGUAGES(LANGUAGE_ID, NAME) VALUES('sq', 'Albanian');
INSERT INTO SPOKEN_LANGUAGES(LANGUAGE_ID, NAME) VALUES('sr', 'Serbian');
INSERT INTO SPOKEN_LANGUAGES(LANGUAGE_ID, NAME) VALUES('ss', 'Swati');
INSERT INTO SPOKEN_LANGUAGES(LANGUAGE_ID, NAME) VALUES('st', 'Sotho');
INSERT INTO SPOKEN_LANGUAGES(LANGUAGE_ID, NAME) VALUES('su', 'Sundanese');
INSERT INTO SPOKEN_LANGUAGES(LANGUAGE_ID, NAME) VALUES('sv', 'Swedish');
INSERT INTO SPOKEN_LANGUAGES(LANGUAGE_ID, NAME) VALUES('sw', 'Swahili');
INSERT INTO SPOKEN_LANGUAGES(LANGUAGE_ID, NAME) VALUES('ta', 'Tamil');
INSERT INTO SPOKEN_LANGUAGES(LANGUAGE_ID, NAME) VALUES('te', 'Telugu');
INSERT INTO SPOKEN_LANGUAGES(LANGUAGE_ID, NAME) VALUES('tg', 'Tajik');
INSERT INTO SPOKEN_LANGUAGES(LANGUAGE_ID, NAME) VALUES('th', 'Thai');
INSERT INTO SPOKEN_LANGUAGES(LANGUAGE_ID, NAME) VALUES('ti', 'Tigrinya');
INSERT INTO SPOKEN_LANGUAGES(LANGUAGE_ID, NAME) VALUES('tk', 'Turkmen');
INSERT INTO SPOKEN_LANGUAGES(LANGUAGE_ID, NAME) VALUES('tl', 'Tagalog');
INSERT INTO SPOKEN_LANGUAGES(LANGUAGE_ID, NAME) VALUES('tn', 'Tswana');
INSERT INTO SPOKEN_LANGUAGES(LANGUAGE_ID, NAME) VALUES('to', 'Tonga');
INSERT INTO SPOKEN_LANGUAGES(LANGUAGE_ID, NAME) VALUES('tr', 'Turkish');
INSERT INTO SPOKEN_LANGUAGES(LANGUAGE_ID, NAME) VALUES('ts', 'Tsonga');
INSERT INTO SPOKEN_LANGUAGES(LANGUAGE_ID, NAME) VALUES('tt', 'Tatar');
INSERT INTO SPOKEN_LANGUAGES(LANGUAGE_ID, NAME) VALUES('tw', 'Twi');
INSERT INTO SPOKEN_LANGUAGES(LANGUAGE_ID, NAME) VALUES('ty', 'Tahitian');
INSERT INTO SPOKEN_LANGUAGES(LANGUAGE_ID, NAME) VALUES('ug', 'Uighur');
INSERT INTO SPOKEN_LANGUAGES(LANGUAGE_ID, NAME) VALUES('uk', 'Ukrainian');
INSERT INTO SPOKEN_LANGUAGES(LANGUAGE_ID, NAME) VALUES('ur', 'Urdu');
INSERT INTO SPOKEN_LANGUAGES(LANGUAGE_ID, NAME) VALUES('uz', 'Uzbek');
INSERT INTO SPOKEN_LANGUAGES(LANGUAGE_ID, NAME) VALUES('ve', 'Venda');
INSERT INTO SPOKEN_LANGUAGES(LANGUAGE_ID, NAME) VALUES('vi', 'Vietnamese');
INSERT INTO SPOKEN_LANGUAGES(LANGUAGE_ID, NAME) VALUES('vo', 'Volap?k');
INSERT INTO SPOKEN_LANGUAGES(LANGUAGE_ID, NAME) VALUES('wa', 'Walloon');
INSERT INTO SPOKEN_LANGUAGES(LANGUAGE_ID, NAME) VALUES('wo', 'Wolof');
INSERT INTO SPOKEN_LANGUAGES(LANGUAGE_ID, NAME) VALUES('xh', 'Xhosa');
INSERT INTO SPOKEN_LANGUAGES(LANGUAGE_ID, NAME) VALUES('xx', 'Xhosa(s)');
INSERT INTO SPOKEN_LANGUAGES(LANGUAGE_ID, NAME) VALUES('yi', 'Yiddish');
INSERT INTO SPOKEN_LANGUAGES(LANGUAGE_ID, NAME) VALUES('yo', 'Yoruba');
INSERT INTO SPOKEN_LANGUAGES(LANGUAGE_ID, NAME) VALUES('za', 'Zhuang');
INSERT INTO SPOKEN_LANGUAGES(LANGUAGE_ID, NAME) VALUES('zh', 'Chinese');
INSERT INTO SPOKEN_LANGUAGES(LANGUAGE_ID, NAME) VALUES('zu', 'Zulu');

INSERT INTO FILM (FILM_ID, BUDGET, HOMEPAGE, ORIGINAL_TITLE,
               RELEASE_DATE, RUNTIME) VALUES (19995, 237000000, 'http://www.avatarmovie.com/', 'Avatar', DATE '2009-12-10', 162);
INSERT INTO FILM (FILM_ID, BUDGET, HOMEPAGE, ORIGINAL_TITLE,
               RELEASE_DATE, RUNTIME) VALUES (285, 300000000, 'http://disney.go.com/disneypictures/pirates/', 'Pirates of the Caribbean: At Worlds End', DATE '2007-05-19', 169);
INSERT INTO FILM (FILM_ID, BUDGET, HOMEPAGE, ORIGINAL_TITLE,
               RELEASE_DATE, RUNTIME) VALUES (206647, 245000000, 'http://www.sonypictures.com/movies/spectre/', 'Spectre', DATE '2015-10-26', 148);
INSERT INTO FILM (FILM_ID, BUDGET, HOMEPAGE, ORIGINAL_TITLE,
               RELEASE_DATE, RUNTIME) VALUES (49026, 250000000, 'http://www.thedarkknightrises.com/', 'The Dark Knight Rises', DATE '2012-07-16', 165);
INSERT INTO FILM (FILM_ID, BUDGET, HOMEPAGE, ORIGINAL_TITLE,
               RELEASE_DATE, RUNTIME) VALUES (49529, 260000000, 'http://movies.disney.com/john-carter', 'John Carter', DATE '2012-03-07', 132);
INSERT INTO FILM (FILM_ID, BUDGET, HOMEPAGE, ORIGINAL_TITLE,
               RELEASE_DATE, RUNTIME) VALUES (559, 258000000, 'http://www.sonypictures.com/movies/spider-man3/', 'Spider-Man 3', DATE '2007-05-01', 139);
INSERT INTO FILM (FILM_ID, BUDGET, HOMEPAGE, ORIGINAL_TITLE,
               RELEASE_DATE, RUNTIME) VALUES (38757, 260000000, 'http://disney.go.com/disneypictures/tangled/', 'Tangled', DATE '2010-11-24', 100);
INSERT INTO FILM (FILM_ID, BUDGET, HOMEPAGE, ORIGINAL_TITLE,
               RELEASE_DATE, RUNTIME) VALUES (99861, 280000000, 'http://marvel.com/movies/movie/193/avengers_age_of_ultron', 'Avengers: Age of Ultron', DATE '2015-04-22', 141);
INSERT INTO FILM (FILM_ID, BUDGET, HOMEPAGE, ORIGINAL_TITLE,
               RELEASE_DATE, RUNTIME) VALUES (767, 250000000, 'http://harrypotter.warnerbros.com/harrypotterandthehalf-bloodprince/dvd/index.html', 'Harry Potter and the Half-Blood Prince', DATE '2009-07-07', 153);
INSERT INTO FILM (FILM_ID, BUDGET, HOMEPAGE, ORIGINAL_TITLE,
               RELEASE_DATE, RUNTIME) VALUES (209112, 250000000, 'http://www.batmanvsupermandawnofjustice.com/', 'Batman v Superman: Dawn of Justice', DATE '2016-03-23', 151);
INSERT INTO FILM (FILM_ID, BUDGET, HOMEPAGE, ORIGINAL_TITLE,
               RELEASE_DATE, RUNTIME) VALUES (1452, 270000000, 'http://www.superman.com', 'Superman Returns', DATE '2006-06-28', 154);
INSERT INTO FILM (FILM_ID, BUDGET, HOMEPAGE, ORIGINAL_TITLE,
               RELEASE_DATE, RUNTIME) VALUES (10764, 200000000, 'http://www.mgm.com/view/movie/234/Quantum-of-Solace/', 'Quantum of Solace', DATE '2008-10-30', 106);
INSERT INTO FILM (FILM_ID, BUDGET, HOMEPAGE, ORIGINAL_TITLE,
               RELEASE_DATE, RUNTIME) VALUES (58, 200000000, 'http://disney.go.com/disneypictures/pirates/', 'Pirates of the Caribbean: Dead Mans Chest', DATE '2006-06-20', 151);
INSERT INTO FILM (FILM_ID, BUDGET, HOMEPAGE, ORIGINAL_TITLE,
               RELEASE_DATE, RUNTIME) VALUES (57201, 255000000, 'http://disney.go.com/the-lone-ranger/', 'The Lone Ranger', DATE '2013-07-03', 149);
INSERT INTO FILM (FILM_ID, BUDGET, HOMEPAGE, ORIGINAL_TITLE,
               RELEASE_DATE, RUNTIME) VALUES (49521, 225000000, 'http://www.manofsteel.com/', 'Man of Steel', DATE '2013-06-12', 143);
INSERT INTO FILM (FILM_ID, BUDGET, HOMEPAGE, ORIGINAL_TITLE,
               RELEASE_DATE, RUNTIME) VALUES (2454, 225000000, '0', 'The Chronicles of Narnia: Prince Caspian', DATE '2008-05-15', 150);
INSERT INTO FILM (FILM_ID, BUDGET, HOMEPAGE, ORIGINAL_TITLE,
               RELEASE_DATE, RUNTIME) VALUES (24428, 220000000, 'http://marvel.com/avengers_movie/', 'The Avengers', DATE '2012-04-25', 143);
INSERT INTO FILM (FILM_ID, BUDGET, HOMEPAGE, ORIGINAL_TITLE,
               RELEASE_DATE, RUNTIME) VALUES (1865, 380000000, 'http://disney.go.com/pirates/index-on-stranger-tides.html#/video/', 'Pirates of the Caribbean: On Stranger Tides', DATE '2011-05-14', 136);
INSERT INTO FILM (FILM_ID, BUDGET, HOMEPAGE, ORIGINAL_TITLE,
               RELEASE_DATE, RUNTIME) VALUES (41154, 225000000, 'http://www.sonypictures.com/movies/meninblack3/', 'Men in Black 3', DATE '2012-05-23', 106);
INSERT INTO FILM (FILM_ID, BUDGET, HOMEPAGE, ORIGINAL_TITLE,
               RELEASE_DATE, RUNTIME) VALUES (122917, 250000000, 'http://www.thehobbit.com/', 'The Hobbit: The Battle of the Five Armies', DATE '2014-12-10', 144);
INSERT INTO FILM (FILM_ID, BUDGET, HOMEPAGE, ORIGINAL_TITLE,
               RELEASE_DATE, RUNTIME) VALUES (1930, 215000000, 'http://www.theamazingspiderman.com', 'The Amazing Spider-Man', DATE '2012-06-27', 136);
INSERT INTO FILM (FILM_ID, BUDGET, HOMEPAGE, ORIGINAL_TITLE,
               RELEASE_DATE, RUNTIME) VALUES (20662, 200000000, 'http://www.robinhoodthemovie.com/', 'Robin Hood', DATE '2010-05-12', 140);
INSERT INTO FILM (FILM_ID, BUDGET, HOMEPAGE, ORIGINAL_TITLE,
               RELEASE_DATE, RUNTIME) VALUES (57158, 250000000, 'http://www.thehobbit.com/', 'The Hobbit: The Desolation of Smaug', DATE '2013-12-11', 161);
INSERT INTO FILM (FILM_ID, BUDGET, HOMEPAGE, ORIGINAL_TITLE,
               RELEASE_DATE, RUNTIME) VALUES (2268, 180000000, 'http://www.goldencompassmovie.com/index_german.html', 'The Golden Compass', DATE '2007-12-04', 113);
INSERT INTO FILM (FILM_ID, BUDGET, HOMEPAGE, ORIGINAL_TITLE,
               RELEASE_DATE, RUNTIME) VALUES (254, 207000000, '0', 'King Kong', DATE '2005-12-14', 187);
INSERT INTO FILM (FILM_ID, BUDGET, HOMEPAGE, ORIGINAL_TITLE,
               RELEASE_DATE, RUNTIME) VALUES (597, 200000000, 'http://www.titanicmovie.com', 'Titanic', DATE '1997-11-18', 194);
INSERT INTO FILM (FILM_ID, BUDGET, HOMEPAGE, ORIGINAL_TITLE,
               RELEASE_DATE, RUNTIME) VALUES (271110, 250000000, 'http://marvel.com/captainamericapremiere', 'Captain America: Civil War', DATE '2016-04-27', 147);
INSERT INTO FILM (FILM_ID, BUDGET, HOMEPAGE, ORIGINAL_TITLE,
               RELEASE_DATE, RUNTIME) VALUES (44833, 209000000, '0', 'Battleship', DATE '2012-04-11', 131);
INSERT INTO FILM (FILM_ID, BUDGET, HOMEPAGE, ORIGINAL_TITLE,
               RELEASE_DATE, RUNTIME) VALUES (135397, 150000000, 'http://www.jurassicworld.com/', 'Jurassic World', DATE '2015-06-09', 124);
INSERT INTO FILM (FILM_ID, BUDGET, HOMEPAGE, ORIGINAL_TITLE,
               RELEASE_DATE, RUNTIME) VALUES (37724, 200000000, 'http://www.skyfall-movie.com', 'Skyfall', DATE '2012-10-25', 143);
INSERT INTO FILM (FILM_ID, BUDGET, HOMEPAGE, ORIGINAL_TITLE,
               RELEASE_DATE, RUNTIME) VALUES (558, 200000000, 'http://www.sonypictures.com/movies/spider-man2/', 'Spider-Man 2', DATE '2004-06-25', 127);
INSERT INTO FILM (FILM_ID, BUDGET, HOMEPAGE, ORIGINAL_TITLE,
               RELEASE_DATE, RUNTIME) VALUES (68721, 200000000, 'http://marvel.com/ironman3', 'Iron Man 3', DATE '2013-04-18', 130);
INSERT INTO FILM (FILM_ID, BUDGET, HOMEPAGE, ORIGINAL_TITLE,
               RELEASE_DATE, RUNTIME) VALUES (12155, 200000000, 'http://disney.go.com/wonderland/', 'Alice in Wonderland', DATE '2010-03-03', 108);
INSERT INTO FILM (FILM_ID, BUDGET, HOMEPAGE, ORIGINAL_TITLE,
               RELEASE_DATE, RUNTIME) VALUES (36668, 210000000, '0', 'X-Men: The Last Stand', DATE '2006-05-24', 104);
INSERT INTO FILM (FILM_ID, BUDGET, HOMEPAGE, ORIGINAL_TITLE,
               RELEASE_DATE, RUNTIME) VALUES (62211, 200000000, '0', 'Monsters University', DATE '2013-06-20', 104);
INSERT INTO FILM (FILM_ID, BUDGET, HOMEPAGE, ORIGINAL_TITLE,
               RELEASE_DATE, RUNTIME) VALUES (8373, 150000000, 'http://www.transformersmovie.com/', 'Transformers: Revenge of the Fallen', DATE '2009-06-19', 150);
INSERT INTO FILM (FILM_ID, BUDGET, HOMEPAGE, ORIGINAL_TITLE,
               RELEASE_DATE, RUNTIME) VALUES (91314, 210000000, 'http://www.transformersmovie.com', 'Transformers: Age of Extinction', DATE '2014-06-25', 165);
INSERT INTO FILM (FILM_ID, BUDGET, HOMEPAGE, ORIGINAL_TITLE,
               RELEASE_DATE, RUNTIME) VALUES (68728, 200000000, 'http://www.ozthegreatandpowerfulmovie.com', 'Oz: The Great and Powerful', DATE '2013-03-07', 130);
INSERT INTO FILM (FILM_ID, BUDGET, HOMEPAGE, ORIGINAL_TITLE,
               RELEASE_DATE, RUNTIME) VALUES (102382, 200000000, 'http://www.theamazingspiderman.com', 'The Amazing Spider-Man 2', DATE '2014-04-16', 142);
INSERT INTO FILM (FILM_ID, BUDGET, HOMEPAGE, ORIGINAL_TITLE,
               RELEASE_DATE, RUNTIME) VALUES (20526, 170000000, 'http://disney.go.com/tron/', 'TRON: Legacy', DATE '2010-12-10', 125);
INSERT INTO FILM (FILM_ID, BUDGET, HOMEPAGE, ORIGINAL_TITLE,
               RELEASE_DATE, RUNTIME) VALUES (49013, 200000000, 'http://www.disney.go.com/cars/', 'Cars 2', DATE '2011-06-11', 106);
INSERT INTO FILM (FILM_ID, BUDGET, HOMEPAGE, ORIGINAL_TITLE,
               RELEASE_DATE, RUNTIME) VALUES (44912, 200000000, 'http://greenlanternmovie.warnerbros.com/', 'Green Lantern', DATE '2011-06-16', 114);
INSERT INTO FILM (FILM_ID, BUDGET, HOMEPAGE, ORIGINAL_TITLE,
               RELEASE_DATE, RUNTIME) VALUES (10193, 200000000, 'http://disney.go.com/toystory/', 'Toy Story 3', DATE '2010-06-16', 103);
INSERT INTO FILM (FILM_ID, BUDGET, HOMEPAGE, ORIGINAL_TITLE,
               RELEASE_DATE, RUNTIME) VALUES (534, 200000000, 'https://www.warnerbros.com/terminator-salvation', 'Terminator Salvation', DATE '2009-05-20', 115);
INSERT INTO FILM (FILM_ID, BUDGET, HOMEPAGE, ORIGINAL_TITLE,
               RELEASE_DATE, RUNTIME) VALUES (168259, 190000000, 'http://www.furious7.com/', 'Furious 7', DATE '2015-04-01', 137);
INSERT INTO FILM (FILM_ID, BUDGET, HOMEPAGE, ORIGINAL_TITLE,
               RELEASE_DATE, RUNTIME) VALUES (72190, 200000000, 'http://www.worldwarzmovie.com', 'World War Z', DATE '2013-06-20', 116);
INSERT INTO FILM (FILM_ID, BUDGET, HOMEPAGE, ORIGINAL_TITLE,
               RELEASE_DATE, RUNTIME) VALUES (127585, 250000000, 'http://www.x-menmovies.com/', 'X-Men: Days of Future Past', DATE '2014-05-15', 131);
INSERT INTO FILM (FILM_ID, BUDGET, HOMEPAGE, ORIGINAL_TITLE,
               RELEASE_DATE, RUNTIME) VALUES (54138, 190000000, '0', 'Star Trek Into Darkness', DATE '2013-05-05', 132);
INSERT INTO FILM (FILM_ID, BUDGET, HOMEPAGE, ORIGINAL_TITLE,
               RELEASE_DATE, RUNTIME) VALUES (81005, 195000000, 'http://jackthegiantkiller.warnerbros.com', 'Jack the Giant Slayer', DATE '2013-02-27', 114);

INSERT INTO FILM_GENRE(FILM_ID, GENRE_ID) VALUES(19995, 28); 
INSERT INTO FILM_GENRE(FILM_ID, GENRE_ID) VALUES(19995, 12); 
INSERT INTO FILM_GENRE(FILM_ID, GENRE_ID) VALUES(19995, 14); 
INSERT INTO FILM_GENRE(FILM_ID, GENRE_ID) VALUES(19995, 878); 
INSERT INTO FILM_COMPANY(FILM_ID, COMPANY_ID) VALUES(19995, 289); 
INSERT INTO FILM_COMPANY(FILM_ID, COMPANY_ID) VALUES(19995, 306); 
INSERT INTO FILM_COMPANY(FILM_ID, COMPANY_ID) VALUES(19995, 444); 
INSERT INTO FILM_COMPANY(FILM_ID, COMPANY_ID) VALUES(19995, 574); 
INSERT INTO FILM_COUNTRY(FILM_ID, COUNTRY_ID) VALUES(19995, 'US'); 
INSERT INTO FILM_COUNTRY(FILM_ID, COUNTRY_ID) VALUES(19995, 'GB'); 
INSERT INTO FILM_LANGUAGE(FILM_ID, LANGUAGE_ID) VALUES(19995, 'en'); 
INSERT INTO FILM_LANGUAGE(FILM_ID, LANGUAGE_ID) VALUES(19995, 'es'); 
INSERT INTO FILM_GENRE(FILM_ID, GENRE_ID) VALUES(285, 12); 
INSERT INTO FILM_GENRE(FILM_ID, GENRE_ID) VALUES(285, 14); 
INSERT INTO FILM_GENRE(FILM_ID, GENRE_ID) VALUES(285, 28); 
INSERT INTO FILM_COMPANY(FILM_ID, COMPANY_ID) VALUES(285, 2); 
INSERT INTO FILM_COMPANY(FILM_ID, COMPANY_ID) VALUES(285, 130); 
INSERT INTO FILM_COMPANY(FILM_ID, COMPANY_ID) VALUES(285, 19936); 
INSERT INTO FILM_COUNTRY(FILM_ID, COUNTRY_ID) VALUES(285, 'US'); 
INSERT INTO FILM_LANGUAGE(FILM_ID, LANGUAGE_ID) VALUES(285, 'en'); 
INSERT INTO FILM_GENRE(FILM_ID, GENRE_ID) VALUES(206647, 28); 
INSERT INTO FILM_GENRE(FILM_ID, GENRE_ID) VALUES(206647, 12); 
INSERT INTO FILM_GENRE(FILM_ID, GENRE_ID) VALUES(206647, 80); 
INSERT INTO FILM_COMPANY(FILM_ID, COMPANY_ID) VALUES(206647, 5); 
INSERT INTO FILM_COMPANY(FILM_ID, COMPANY_ID) VALUES(206647, 10761); 
INSERT INTO FILM_COMPANY(FILM_ID, COMPANY_ID) VALUES(206647, 69434); 
INSERT INTO FILM_COUNTRY(FILM_ID, COUNTRY_ID) VALUES(206647, 'GB'); 
INSERT INTO FILM_COUNTRY(FILM_ID, COUNTRY_ID) VALUES(206647, 'US'); 
INSERT INTO FILM_LANGUAGE(FILM_ID, LANGUAGE_ID) VALUES(206647, 'fr'); 
INSERT INTO FILM_LANGUAGE(FILM_ID, LANGUAGE_ID) VALUES(206647, 'en'); 
INSERT INTO FILM_LANGUAGE(FILM_ID, LANGUAGE_ID) VALUES(206647, 'es'); 
INSERT INTO FILM_LANGUAGE(FILM_ID, LANGUAGE_ID) VALUES(206647, 'it'); 
INSERT INTO FILM_LANGUAGE(FILM_ID, LANGUAGE_ID) VALUES(206647, 'de'); 
INSERT INTO FILM_GENRE(FILM_ID, GENRE_ID) VALUES(49026, 28); 
INSERT INTO FILM_GENRE(FILM_ID, GENRE_ID) VALUES(49026, 80); 
INSERT INTO FILM_GENRE(FILM_ID, GENRE_ID) VALUES(49026, 18); 
INSERT INTO FILM_GENRE(FILM_ID, GENRE_ID) VALUES(49026, 53); 
INSERT INTO FILM_COMPANY(FILM_ID, COMPANY_ID) VALUES(49026, 923); 
INSERT INTO FILM_COMPANY(FILM_ID, COMPANY_ID) VALUES(49026, 6194); 
INSERT INTO FILM_COMPANY(FILM_ID, COMPANY_ID) VALUES(49026, 9993); 
INSERT INTO FILM_COMPANY(FILM_ID, COMPANY_ID) VALUES(49026, 9996); 
INSERT INTO FILM_COUNTRY(FILM_ID, COUNTRY_ID) VALUES(49026, 'US'); 
INSERT INTO FILM_LANGUAGE(FILM_ID, LANGUAGE_ID) VALUES(49026, 'en'); 
INSERT INTO FILM_GENRE(FILM_ID, GENRE_ID) VALUES(49529, 28); 
INSERT INTO FILM_GENRE(FILM_ID, GENRE_ID) VALUES(49529, 12); 
INSERT INTO FILM_GENRE(FILM_ID, GENRE_ID) VALUES(49529, 878); 
INSERT INTO FILM_COMPANY(FILM_ID, COMPANY_ID) VALUES(49529, 2); 
INSERT INTO FILM_COUNTRY(FILM_ID, COUNTRY_ID) VALUES(49529, 'US'); 
INSERT INTO FILM_LANGUAGE(FILM_ID, LANGUAGE_ID) VALUES(49529, 'en'); 
INSERT INTO FILM_GENRE(FILM_ID, GENRE_ID) VALUES(559, 14); 
INSERT INTO FILM_GENRE(FILM_ID, GENRE_ID) VALUES(559, 28); 
INSERT INTO FILM_GENRE(FILM_ID, GENRE_ID) VALUES(559, 12); 
INSERT INTO FILM_COMPANY(FILM_ID, COMPANY_ID) VALUES(559, 5); 
INSERT INTO FILM_COMPANY(FILM_ID, COMPANY_ID) VALUES(559, 326); 
INSERT INTO FILM_COMPANY(FILM_ID, COMPANY_ID) VALUES(559, 19551); 
INSERT INTO FILM_COUNTRY(FILM_ID, COUNTRY_ID) VALUES(559, 'US'); 
INSERT INTO FILM_LANGUAGE(FILM_ID, LANGUAGE_ID) VALUES(559, 'en'); 
INSERT INTO FILM_LANGUAGE(FILM_ID, LANGUAGE_ID) VALUES(559, 'fr'); 
INSERT INTO FILM_GENRE(FILM_ID, GENRE_ID) VALUES(38757, 16); 
INSERT INTO FILM_GENRE(FILM_ID, GENRE_ID) VALUES(38757, 10751); 
INSERT INTO FILM_COMPANY(FILM_ID, COMPANY_ID) VALUES(38757, 2); 
INSERT INTO FILM_COMPANY(FILM_ID, COMPANY_ID) VALUES(38757, 6125); 
INSERT INTO FILM_COUNTRY(FILM_ID, COUNTRY_ID) VALUES(38757, 'US'); 
INSERT INTO FILM_LANGUAGE(FILM_ID, LANGUAGE_ID) VALUES(38757, 'en'); 
INSERT INTO FILM_GENRE(FILM_ID, GENRE_ID) VALUES(99861, 28); 
INSERT INTO FILM_GENRE(FILM_ID, GENRE_ID) VALUES(99861, 12); 
INSERT INTO FILM_GENRE(FILM_ID, GENRE_ID) VALUES(99861, 878); 
INSERT INTO FILM_COMPANY(FILM_ID, COMPANY_ID) VALUES(99861, 420); 
INSERT INTO FILM_COMPANY(FILM_ID, COMPANY_ID) VALUES(99861, 15357); 
INSERT INTO FILM_COMPANY(FILM_ID, COMPANY_ID) VALUES(99861, 76043); 
INSERT INTO FILM_COUNTRY(FILM_ID, COUNTRY_ID) VALUES(99861, 'US'); 
INSERT INTO FILM_LANGUAGE(FILM_ID, LANGUAGE_ID) VALUES(99861, 'en'); 
INSERT INTO FILM_GENRE(FILM_ID, GENRE_ID) VALUES(767, 12); 
INSERT INTO FILM_GENRE(FILM_ID, GENRE_ID) VALUES(767, 14); 
INSERT INTO FILM_GENRE(FILM_ID, GENRE_ID) VALUES(767, 10751); 
INSERT INTO FILM_COMPANY(FILM_ID, COMPANY_ID) VALUES(767, 6194); 
INSERT INTO FILM_COMPANY(FILM_ID, COMPANY_ID) VALUES(767, 7364); 
INSERT INTO FILM_COUNTRY(FILM_ID, COUNTRY_ID) VALUES(767, 'GB'); 
INSERT INTO FILM_COUNTRY(FILM_ID, COUNTRY_ID) VALUES(767, 'US'); 
INSERT INTO FILM_LANGUAGE(FILM_ID, LANGUAGE_ID) VALUES(767, 'en'); 
INSERT INTO FILM_GENRE(FILM_ID, GENRE_ID) VALUES(209112, 28); 
INSERT INTO FILM_GENRE(FILM_ID, GENRE_ID) VALUES(209112, 12); 
INSERT INTO FILM_GENRE(FILM_ID, GENRE_ID) VALUES(209112, 14); 
INSERT INTO FILM_COMPANY(FILM_ID, COMPANY_ID) VALUES(209112, 429); 
INSERT INTO FILM_COMPANY(FILM_ID, COMPANY_ID) VALUES(209112, 507); 
INSERT INTO FILM_COMPANY(FILM_ID, COMPANY_ID) VALUES(209112, 6194); 
INSERT INTO FILM_COMPANY(FILM_ID, COMPANY_ID) VALUES(209112, 9993); 
INSERT INTO FILM_COMPANY(FILM_ID, COMPANY_ID) VALUES(209112, 9995); 
INSERT INTO FILM_COMPANY(FILM_ID, COMPANY_ID) VALUES(209112, 41624); 
INSERT INTO FILM_COUNTRY(FILM_ID, COUNTRY_ID) VALUES(209112, 'US'); 
INSERT INTO FILM_LANGUAGE(FILM_ID, LANGUAGE_ID) VALUES(209112, 'en'); 
INSERT INTO FILM_GENRE(FILM_ID, GENRE_ID) VALUES(1452, 12); 
INSERT INTO FILM_GENRE(FILM_ID, GENRE_ID) VALUES(1452, 14); 
INSERT INTO FILM_GENRE(FILM_ID, GENRE_ID) VALUES(1452, 28); 
INSERT INTO FILM_GENRE(FILM_ID, GENRE_ID) VALUES(1452, 878); 
INSERT INTO FILM_COMPANY(FILM_ID, COMPANY_ID) VALUES(1452, 429); 
INSERT INTO FILM_COMPANY(FILM_ID, COMPANY_ID) VALUES(1452, 923); 
INSERT INTO FILM_COMPANY(FILM_ID, COMPANY_ID) VALUES(1452, 6194); 
INSERT INTO FILM_COMPANY(FILM_ID, COMPANY_ID) VALUES(1452, 9168); 
INSERT INTO FILM_COUNTRY(FILM_ID, COUNTRY_ID) VALUES(1452, 'US'); 
INSERT INTO FILM_LANGUAGE(FILM_ID, LANGUAGE_ID) VALUES(1452, 'en'); 
INSERT INTO FILM_LANGUAGE(FILM_ID, LANGUAGE_ID) VALUES(1452, 'fr'); 
INSERT INTO FILM_LANGUAGE(FILM_ID, LANGUAGE_ID) VALUES(1452, 'de'); 
INSERT INTO FILM_GENRE(FILM_ID, GENRE_ID) VALUES(10764, 12); 
INSERT INTO FILM_GENRE(FILM_ID, GENRE_ID) VALUES(10764, 28); 
INSERT INTO FILM_GENRE(FILM_ID, GENRE_ID) VALUES(10764, 53); 
INSERT INTO FILM_GENRE(FILM_ID, GENRE_ID) VALUES(10764, 80); 
INSERT INTO FILM_COMPANY(FILM_ID, COMPANY_ID) VALUES(10764, 7576); 
INSERT INTO FILM_COUNTRY(FILM_ID, COUNTRY_ID) VALUES(10764, 'GB'); 
INSERT INTO FILM_COUNTRY(FILM_ID, COUNTRY_ID) VALUES(10764, 'US'); 
INSERT INTO FILM_LANGUAGE(FILM_ID, LANGUAGE_ID) VALUES(10764, 'en'); 
INSERT INTO FILM_LANGUAGE(FILM_ID, LANGUAGE_ID) VALUES(10764, 'es'); 
INSERT INTO FILM_LANGUAGE(FILM_ID, LANGUAGE_ID) VALUES(10764, 'it'); 
INSERT INTO FILM_LANGUAGE(FILM_ID, LANGUAGE_ID) VALUES(10764, 'fr'); 
INSERT INTO FILM_LANGUAGE(FILM_ID, LANGUAGE_ID) VALUES(10764, 'de'); 
INSERT INTO FILM_GENRE(FILM_ID, GENRE_ID) VALUES(58, 12); 
INSERT INTO FILM_GENRE(FILM_ID, GENRE_ID) VALUES(58, 14); 
INSERT INTO FILM_GENRE(FILM_ID, GENRE_ID) VALUES(58, 28); 
INSERT INTO FILM_COMPANY(FILM_ID, COMPANY_ID) VALUES(58, 2); 
INSERT INTO FILM_COMPANY(FILM_ID, COMPANY_ID) VALUES(58, 130); 
INSERT INTO FILM_COMPANY(FILM_ID, COMPANY_ID) VALUES(58, 19936); 
INSERT INTO FILM_COUNTRY(FILM_ID, COUNTRY_ID) VALUES(58, 'JM'); 
INSERT INTO FILM_COUNTRY(FILM_ID, COUNTRY_ID) VALUES(58, 'US'); 
INSERT INTO FILM_COUNTRY(FILM_ID, COUNTRY_ID) VALUES(58, 'BS'); 
INSERT INTO FILM_COUNTRY(FILM_ID, COUNTRY_ID) VALUES(58, 'DM'); 
INSERT INTO FILM_LANGUAGE(FILM_ID, LANGUAGE_ID) VALUES(58, 'en'); 
INSERT INTO FILM_LANGUAGE(FILM_ID, LANGUAGE_ID) VALUES(58, 'tr'); 
INSERT INTO FILM_LANGUAGE(FILM_ID, LANGUAGE_ID) VALUES(58, 'el'); 
INSERT INTO FILM_LANGUAGE(FILM_ID, LANGUAGE_ID) VALUES(58, 'zh'); 
INSERT INTO FILM_GENRE(FILM_ID, GENRE_ID) VALUES(57201, 28); 
INSERT INTO FILM_GENRE(FILM_ID, GENRE_ID) VALUES(57201, 12); 
INSERT INTO FILM_GENRE(FILM_ID, GENRE_ID) VALUES(57201, 37); 
INSERT INTO FILM_COMPANY(FILM_ID, COMPANY_ID) VALUES(57201, 2); 
INSERT INTO FILM_COMPANY(FILM_ID, COMPANY_ID) VALUES(57201, 130); 
INSERT INTO FILM_COMPANY(FILM_ID, COMPANY_ID) VALUES(57201, 2691); 
INSERT INTO FILM_COMPANY(FILM_ID, COMPANY_ID) VALUES(57201, 37380); 
INSERT INTO FILM_COMPANY(FILM_ID, COMPANY_ID) VALUES(57201, 37381); 
INSERT INTO FILM_COMPANY(FILM_ID, COMPANY_ID) VALUES(57201, 37382); 
INSERT INTO FILM_COUNTRY(FILM_ID, COUNTRY_ID) VALUES(57201, 'US'); 
INSERT INTO FILM_LANGUAGE(FILM_ID, LANGUAGE_ID) VALUES(57201, 'en'); 
INSERT INTO FILM_GENRE(FILM_ID, GENRE_ID) VALUES(49521, 28); 
INSERT INTO FILM_GENRE(FILM_ID, GENRE_ID) VALUES(49521, 12); 
INSERT INTO FILM_GENRE(FILM_ID, GENRE_ID) VALUES(49521, 14); 
INSERT INTO FILM_GENRE(FILM_ID, GENRE_ID) VALUES(49521, 878); 
INSERT INTO FILM_COMPANY(FILM_ID, COMPANY_ID) VALUES(49521, 923); 
INSERT INTO FILM_COMPANY(FILM_ID, COMPANY_ID) VALUES(49521, 6194); 
INSERT INTO FILM_COMPANY(FILM_ID, COMPANY_ID) VALUES(49521, 9993); 
INSERT INTO FILM_COMPANY(FILM_ID, COMPANY_ID) VALUES(49521, 9996); 
INSERT INTO FILM_COMPANY(FILM_ID, COMPANY_ID) VALUES(49521, 78685); 
INSERT INTO FILM_COUNTRY(FILM_ID, COUNTRY_ID) VALUES(49521, 'GB'); 
INSERT INTO FILM_COUNTRY(FILM_ID, COUNTRY_ID) VALUES(49521, 'US'); 
INSERT INTO FILM_LANGUAGE(FILM_ID, LANGUAGE_ID) VALUES(49521, 'en'); 
INSERT INTO FILM_GENRE(FILM_ID, GENRE_ID) VALUES(2454, 12); 
INSERT INTO FILM_GENRE(FILM_ID, GENRE_ID) VALUES(2454, 10751); 
INSERT INTO FILM_GENRE(FILM_ID, GENRE_ID) VALUES(2454, 14); 
INSERT INTO FILM_COMPANY(FILM_ID, COMPANY_ID) VALUES(2454, 5888); 
INSERT INTO FILM_COMPANY(FILM_ID, COMPANY_ID) VALUES(2454, 10221); 
INSERT INTO FILM_COMPANY(FILM_ID, COMPANY_ID) VALUES(2454, 11345); 
INSERT INTO FILM_COMPANY(FILM_ID, COMPANY_ID) VALUES(2454, 11440); 
INSERT INTO FILM_COMPANY(FILM_ID, COMPANY_ID) VALUES(2454, 11441); 
INSERT INTO FILM_COMPANY(FILM_ID, COMPANY_ID) VALUES(2454, 11442); 
INSERT INTO FILM_COMPANY(FILM_ID, COMPANY_ID) VALUES(2454, 76043); 
INSERT INTO FILM_COUNTRY(FILM_ID, COUNTRY_ID) VALUES(2454, 'CZ'); 
INSERT INTO FILM_COUNTRY(FILM_ID, COUNTRY_ID) VALUES(2454, 'PL'); 
INSERT INTO FILM_COUNTRY(FILM_ID, COUNTRY_ID) VALUES(2454, 'SI'); 
INSERT INTO FILM_COUNTRY(FILM_ID, COUNTRY_ID) VALUES(2454, 'US'); 
INSERT INTO FILM_LANGUAGE(FILM_ID, LANGUAGE_ID) VALUES(2454, 'en'); 
INSERT INTO FILM_GENRE(FILM_ID, GENRE_ID) VALUES(24428, 878); 
INSERT INTO FILM_GENRE(FILM_ID, GENRE_ID) VALUES(24428, 28); 
INSERT INTO FILM_GENRE(FILM_ID, GENRE_ID) VALUES(24428, 12); 
INSERT INTO FILM_COMPANY(FILM_ID, COMPANY_ID) VALUES(24428, 4); 
INSERT INTO FILM_COMPANY(FILM_ID, COMPANY_ID) VALUES(24428, 420); 
INSERT INTO FILM_COUNTRY(FILM_ID, COUNTRY_ID) VALUES(24428, 'US'); 
INSERT INTO FILM_LANGUAGE(FILM_ID, LANGUAGE_ID) VALUES(24428, 'en'); 
INSERT INTO FILM_GENRE(FILM_ID, GENRE_ID) VALUES(1865, 12); 
INSERT INTO FILM_GENRE(FILM_ID, GENRE_ID) VALUES(1865, 28); 
INSERT INTO FILM_GENRE(FILM_ID, GENRE_ID) VALUES(1865, 14); 
INSERT INTO FILM_COMPANY(FILM_ID, COMPANY_ID) VALUES(1865, 2); 
INSERT INTO FILM_COMPANY(FILM_ID, COMPANY_ID) VALUES(1865, 130); 
INSERT INTO FILM_COMPANY(FILM_ID, COMPANY_ID) VALUES(1865, 20478); 
INSERT INTO FILM_COUNTRY(FILM_ID, COUNTRY_ID) VALUES(1865, 'US'); 
INSERT INTO FILM_LANGUAGE(FILM_ID, LANGUAGE_ID) VALUES(1865, 'en'); 
INSERT INTO FILM_LANGUAGE(FILM_ID, LANGUAGE_ID) VALUES(1865, 'es'); 
INSERT INTO FILM_GENRE(FILM_ID, GENRE_ID) VALUES(41154, 28); 
INSERT INTO FILM_GENRE(FILM_ID, GENRE_ID) VALUES(41154, 35); 
INSERT INTO FILM_GENRE(FILM_ID, GENRE_ID) VALUES(41154, 878); 
INSERT INTO FILM_COMPANY(FILM_ID, COMPANY_ID) VALUES(41154, 56); 
INSERT INTO FILM_COMPANY(FILM_ID, COMPANY_ID) VALUES(41154, 5627); 
INSERT INTO FILM_COMPANY(FILM_ID, COMPANY_ID) VALUES(41154, 6736); 
INSERT INTO FILM_COMPANY(FILM_ID, COMPANY_ID) VALUES(41154, 9169); 
INSERT INTO FILM_COMPANY(FILM_ID, COMPANY_ID) VALUES(41154, 11084); 
INSERT INTO FILM_COUNTRY(FILM_ID, COUNTRY_ID) VALUES(41154, 'US'); 
INSERT INTO FILM_LANGUAGE(FILM_ID, LANGUAGE_ID) VALUES(41154, 'en'); 
INSERT INTO FILM_GENRE(FILM_ID, GENRE_ID) VALUES(122917, 28); 
INSERT INTO FILM_GENRE(FILM_ID, GENRE_ID) VALUES(122917, 12); 
INSERT INTO FILM_GENRE(FILM_ID, GENRE_ID) VALUES(122917, 14); 
INSERT INTO FILM_COMPANY(FILM_ID, COMPANY_ID) VALUES(122917, 11); 
INSERT INTO FILM_COMPANY(FILM_ID, COMPANY_ID) VALUES(122917, 12); 
INSERT INTO FILM_COMPANY(FILM_ID, COMPANY_ID) VALUES(122917, 174); 
INSERT INTO FILM_COMPANY(FILM_ID, COMPANY_ID) VALUES(122917, 7413); 
INSERT INTO FILM_COMPANY(FILM_ID, COMPANY_ID) VALUES(122917, 8411); 
INSERT INTO FILM_COUNTRY(FILM_ID, COUNTRY_ID) VALUES(122917, 'NZ'); 
INSERT INTO FILM_COUNTRY(FILM_ID, COUNTRY_ID) VALUES(122917, 'US'); 
INSERT INTO FILM_LANGUAGE(FILM_ID, LANGUAGE_ID) VALUES(122917, 'en'); 
INSERT INTO FILM_GENRE(FILM_ID, GENRE_ID) VALUES(1930, 28); 
INSERT INTO FILM_GENRE(FILM_ID, GENRE_ID) VALUES(1930, 12); 
INSERT INTO FILM_GENRE(FILM_ID, GENRE_ID) VALUES(1930, 14); 
INSERT INTO FILM_COMPANY(FILM_ID, COMPANY_ID) VALUES(1930, 5); 
INSERT INTO FILM_COMPANY(FILM_ID, COMPANY_ID) VALUES(1930, 326); 
INSERT INTO FILM_COMPANY(FILM_ID, COMPANY_ID) VALUES(1930, 7505); 
INSERT INTO FILM_COUNTRY(FILM_ID, COUNTRY_ID) VALUES(1930, 'US'); 
INSERT INTO FILM_LANGUAGE(FILM_ID, LANGUAGE_ID) VALUES(1930, 'en'); 
INSERT INTO FILM_GENRE(FILM_ID, GENRE_ID) VALUES(20662, 28); 
INSERT INTO FILM_GENRE(FILM_ID, GENRE_ID) VALUES(20662, 12); 
INSERT INTO FILM_COMPANY(FILM_ID, COMPANY_ID) VALUES(20662, 23); 
INSERT INTO FILM_COMPANY(FILM_ID, COMPANY_ID) VALUES(20662, 33); 
INSERT INTO FILM_COMPANY(FILM_ID, COMPANY_ID) VALUES(20662, 1645); 
INSERT INTO FILM_COMPANY(FILM_ID, COMPANY_ID) VALUES(20662, 7295); 
INSERT INTO FILM_COUNTRY(FILM_ID, COUNTRY_ID) VALUES(20662, 'GB'); 
INSERT INTO FILM_COUNTRY(FILM_ID, COUNTRY_ID) VALUES(20662, 'US'); 
INSERT INTO FILM_LANGUAGE(FILM_ID, LANGUAGE_ID) VALUES(20662, 'en'); 
INSERT INTO FILM_LANGUAGE(FILM_ID, LANGUAGE_ID) VALUES(20662, 'th'); 
INSERT INTO FILM_GENRE(FILM_ID, GENRE_ID) VALUES(57158, 12); 
INSERT INTO FILM_GENRE(FILM_ID, GENRE_ID) VALUES(57158, 14); 
INSERT INTO FILM_COMPANY(FILM_ID, COMPANY_ID) VALUES(57158, 11); 
INSERT INTO FILM_COMPANY(FILM_ID, COMPANY_ID) VALUES(57158, 12); 
INSERT INTO FILM_COMPANY(FILM_ID, COMPANY_ID) VALUES(57158, 174); 
INSERT INTO FILM_COMPANY(FILM_ID, COMPANY_ID) VALUES(57158, 8411); 
INSERT INTO FILM_COUNTRY(FILM_ID, COUNTRY_ID) VALUES(57158, 'NZ'); 
INSERT INTO FILM_COUNTRY(FILM_ID, COUNTRY_ID) VALUES(57158, 'US'); 
INSERT INTO FILM_LANGUAGE(FILM_ID, LANGUAGE_ID) VALUES(57158, 'en'); 
INSERT INTO FILM_GENRE(FILM_ID, GENRE_ID) VALUES(2268, 12); 
INSERT INTO FILM_GENRE(FILM_ID, GENRE_ID) VALUES(2268, 14); 
INSERT INTO FILM_COMPANY(FILM_ID, COMPANY_ID) VALUES(2268, 12); 
INSERT INTO FILM_COMPANY(FILM_ID, COMPANY_ID) VALUES(2268, 289); 
INSERT INTO FILM_COMPANY(FILM_ID, COMPANY_ID) VALUES(2268, 1473); 
INSERT INTO FILM_COMPANY(FILM_ID, COMPANY_ID) VALUES(2268, 1938); 
INSERT INTO FILM_COUNTRY(FILM_ID, COUNTRY_ID) VALUES(2268, 'GB'); 
INSERT INTO FILM_COUNTRY(FILM_ID, COUNTRY_ID) VALUES(2268, 'US'); 
INSERT INTO FILM_LANGUAGE(FILM_ID, LANGUAGE_ID) VALUES(2268, 'is'); 
INSERT INTO FILM_LANGUAGE(FILM_ID, LANGUAGE_ID) VALUES(2268, 'en'); 
INSERT INTO FILM_LANGUAGE(FILM_ID, LANGUAGE_ID) VALUES(2268, 'ru'); 
INSERT INTO FILM_LANGUAGE(FILM_ID, LANGUAGE_ID) VALUES(2268, 'fr'); 
INSERT INTO FILM_GENRE(FILM_ID, GENRE_ID) VALUES(254, 12); 
INSERT INTO FILM_GENRE(FILM_ID, GENRE_ID) VALUES(254, 18); 
INSERT INTO FILM_GENRE(FILM_ID, GENRE_ID) VALUES(254, 28); 
INSERT INTO FILM_COMPANY(FILM_ID, COMPANY_ID) VALUES(254, 11); 
INSERT INTO FILM_COMPANY(FILM_ID, COMPANY_ID) VALUES(254, 33); 
INSERT INTO FILM_COMPANY(FILM_ID, COMPANY_ID) VALUES(254, 68); 
INSERT INTO FILM_COMPANY(FILM_ID, COMPANY_ID) VALUES(254, 69); 
INSERT INTO FILM_COUNTRY(FILM_ID, COUNTRY_ID) VALUES(254, 'NZ'); 
INSERT INTO FILM_COUNTRY(FILM_ID, COUNTRY_ID) VALUES(254, 'US'); 
INSERT INTO FILM_COUNTRY(FILM_ID, COUNTRY_ID) VALUES(254, 'DE'); 
INSERT INTO FILM_LANGUAGE(FILM_ID, LANGUAGE_ID) VALUES(254, 'en'); 
INSERT INTO FILM_GENRE(FILM_ID, GENRE_ID) VALUES(597, 18); 
INSERT INTO FILM_GENRE(FILM_ID, GENRE_ID) VALUES(597, 10749); 
INSERT INTO FILM_GENRE(FILM_ID, GENRE_ID) VALUES(597, 53); 
INSERT INTO FILM_COMPANY(FILM_ID, COMPANY_ID) VALUES(597, 4); 
INSERT INTO FILM_COMPANY(FILM_ID, COMPANY_ID) VALUES(597, 306); 
INSERT INTO FILM_COMPANY(FILM_ID, COMPANY_ID) VALUES(597, 574); 
INSERT INTO FILM_COUNTRY(FILM_ID, COUNTRY_ID) VALUES(597, 'US'); 
INSERT INTO FILM_LANGUAGE(FILM_ID, LANGUAGE_ID) VALUES(597, 'en'); 
INSERT INTO FILM_LANGUAGE(FILM_ID, LANGUAGE_ID) VALUES(597, 'fr'); 
INSERT INTO FILM_LANGUAGE(FILM_ID, LANGUAGE_ID) VALUES(597, 'de'); 
INSERT INTO FILM_LANGUAGE(FILM_ID, LANGUAGE_ID) VALUES(597, 'sv'); 
INSERT INTO FILM_LANGUAGE(FILM_ID, LANGUAGE_ID) VALUES(597, 'it'); 
INSERT INTO FILM_LANGUAGE(FILM_ID, LANGUAGE_ID) VALUES(597, 'ru'); 
INSERT INTO FILM_GENRE(FILM_ID, GENRE_ID) VALUES(271110, 12); 
INSERT INTO FILM_GENRE(FILM_ID, GENRE_ID) VALUES(271110, 28); 
INSERT INTO FILM_GENRE(FILM_ID, GENRE_ID) VALUES(271110, 878); 
INSERT INTO FILM_COMPANY(FILM_ID, COMPANY_ID) VALUES(271110, 264); 
INSERT INTO FILM_COMPANY(FILM_ID, COMPANY_ID) VALUES(271110, 420); 
INSERT INTO FILM_COMPANY(FILM_ID, COMPANY_ID) VALUES(271110, 3036); 
INSERT INTO FILM_COMPANY(FILM_ID, COMPANY_ID) VALUES(271110, 84424); 
INSERT INTO FILM_COMPANY(FILM_ID, COMPANY_ID) VALUES(271110, 84425); 
INSERT INTO FILM_COUNTRY(FILM_ID, COUNTRY_ID) VALUES(271110, 'US'); 
INSERT INTO FILM_LANGUAGE(FILM_ID, LANGUAGE_ID) VALUES(271110, 'ro'); 
INSERT INTO FILM_LANGUAGE(FILM_ID, LANGUAGE_ID) VALUES(271110, 'en'); 
INSERT INTO FILM_LANGUAGE(FILM_ID, LANGUAGE_ID) VALUES(271110, 'de'); 
INSERT INTO FILM_LANGUAGE(FILM_ID, LANGUAGE_ID) VALUES(271110, 'ru'); 
INSERT INTO FILM_GENRE(FILM_ID, GENRE_ID) VALUES(44833, 53); 
INSERT INTO FILM_GENRE(FILM_ID, GENRE_ID) VALUES(44833, 28); 
INSERT INTO FILM_GENRE(FILM_ID, GENRE_ID) VALUES(44833, 12); 
INSERT INTO FILM_GENRE(FILM_ID, GENRE_ID) VALUES(44833, 878); 
INSERT INTO FILM_COMPANY(FILM_ID, COMPANY_ID) VALUES(44833, 33); 
INSERT INTO FILM_COMPANY(FILM_ID, COMPANY_ID) VALUES(44833, 2598); 
INSERT INTO FILM_COMPANY(FILM_ID, COMPANY_ID) VALUES(44833, 13778); 
INSERT INTO FILM_COMPANY(FILM_ID, COMPANY_ID) VALUES(44833, 20153); 
INSERT INTO FILM_COUNTRY(FILM_ID, COUNTRY_ID) VALUES(44833, 'US'); 
INSERT INTO FILM_LANGUAGE(FILM_ID, LANGUAGE_ID) VALUES(44833, 'en'); 
INSERT INTO FILM_LANGUAGE(FILM_ID, LANGUAGE_ID) VALUES(44833, 'th'); 
INSERT INTO FILM_GENRE(FILM_ID, GENRE_ID) VALUES(135397, 28); 
INSERT INTO FILM_GENRE(FILM_ID, GENRE_ID) VALUES(135397, 12); 
INSERT INTO FILM_GENRE(FILM_ID, GENRE_ID) VALUES(135397, 878); 
INSERT INTO FILM_GENRE(FILM_ID, GENRE_ID) VALUES(135397, 53); 
INSERT INTO FILM_COMPANY(FILM_ID, COMPANY_ID) VALUES(135397, 13); 
INSERT INTO FILM_COMPANY(FILM_ID, COMPANY_ID) VALUES(135397, 56); 
INSERT INTO FILM_COMPANY(FILM_ID, COMPANY_ID) VALUES(135397, 923); 
INSERT INTO FILM_COMPANY(FILM_ID, COMPANY_ID) VALUES(135397, 3341); 
INSERT INTO FILM_COMPANY(FILM_ID, COMPANY_ID) VALUES(135397, 6452); 
INSERT INTO FILM_COUNTRY(FILM_ID, COUNTRY_ID) VALUES(135397, 'US'); 
INSERT INTO FILM_LANGUAGE(FILM_ID, LANGUAGE_ID) VALUES(135397, 'en'); 
INSERT INTO FILM_GENRE(FILM_ID, GENRE_ID) VALUES(37724, 28); 
INSERT INTO FILM_GENRE(FILM_ID, GENRE_ID) VALUES(37724, 12); 
INSERT INTO FILM_GENRE(FILM_ID, GENRE_ID) VALUES(37724, 53); 
INSERT INTO FILM_COMPANY(FILM_ID, COMPANY_ID) VALUES(37724, 5); 
INSERT INTO FILM_COUNTRY(FILM_ID, COUNTRY_ID) VALUES(37724, 'GB'); 
INSERT INTO FILM_COUNTRY(FILM_ID, COUNTRY_ID) VALUES(37724, 'US'); 
INSERT INTO FILM_LANGUAGE(FILM_ID, LANGUAGE_ID) VALUES(37724, 'en'); 
INSERT INTO FILM_GENRE(FILM_ID, GENRE_ID) VALUES(558, 28); 
INSERT INTO FILM_GENRE(FILM_ID, GENRE_ID) VALUES(558, 12); 
INSERT INTO FILM_GENRE(FILM_ID, GENRE_ID) VALUES(558, 14); 
INSERT INTO FILM_COMPANY(FILM_ID, COMPANY_ID) VALUES(558, 5); 
INSERT INTO FILM_COMPANY(FILM_ID, COMPANY_ID) VALUES(558, 326); 
INSERT INTO FILM_COMPANY(FILM_ID, COMPANY_ID) VALUES(558, 19551); 
INSERT INTO FILM_COUNTRY(FILM_ID, COUNTRY_ID) VALUES(558, 'US'); 
INSERT INTO FILM_LANGUAGE(FILM_ID, LANGUAGE_ID) VALUES(558, 'en'); 
INSERT INTO FILM_LANGUAGE(FILM_ID, LANGUAGE_ID) VALUES(558, 'ru'); 
INSERT INTO FILM_LANGUAGE(FILM_ID, LANGUAGE_ID) VALUES(558, 'zh'); 
INSERT INTO FILM_GENRE(FILM_ID, GENRE_ID) VALUES(68721, 28); 
INSERT INTO FILM_GENRE(FILM_ID, GENRE_ID) VALUES(68721, 12); 
INSERT INTO FILM_GENRE(FILM_ID, GENRE_ID) VALUES(68721, 878); 
INSERT INTO FILM_COMPANY(FILM_ID, COMPANY_ID) VALUES(68721, 420); 
INSERT INTO FILM_COUNTRY(FILM_ID, COUNTRY_ID) VALUES(68721, 'CN'); 
INSERT INTO FILM_COUNTRY(FILM_ID, COUNTRY_ID) VALUES(68721, 'US'); 
INSERT INTO FILM_LANGUAGE(FILM_ID, LANGUAGE_ID) VALUES(68721, 'en'); 
INSERT INTO FILM_GENRE(FILM_ID, GENRE_ID) VALUES(12155, 10751); 
INSERT INTO FILM_GENRE(FILM_ID, GENRE_ID) VALUES(12155, 14); 
INSERT INTO FILM_GENRE(FILM_ID, GENRE_ID) VALUES(12155, 12); 
INSERT INTO FILM_COMPANY(FILM_ID, COMPANY_ID) VALUES(12155, 2); 
INSERT INTO FILM_COMPANY(FILM_ID, COMPANY_ID) VALUES(12155, 598); 
INSERT INTO FILM_COMPANY(FILM_ID, COMPANY_ID) VALUES(12155, 8601); 
INSERT INTO FILM_COMPANY(FILM_ID, COMPANY_ID) VALUES(12155, 16314); 
INSERT INTO FILM_COMPANY(FILM_ID, COMPANY_ID) VALUES(12155, 20004); 
INSERT INTO FILM_COUNTRY(FILM_ID, COUNTRY_ID) VALUES(12155, 'US'); 
INSERT INTO FILM_LANGUAGE(FILM_ID, LANGUAGE_ID) VALUES(12155, 'en'); 
INSERT INTO FILM_GENRE(FILM_ID, GENRE_ID) VALUES(36668, 12); 
INSERT INTO FILM_GENRE(FILM_ID, GENRE_ID) VALUES(36668, 28); 
INSERT INTO FILM_GENRE(FILM_ID, GENRE_ID) VALUES(36668, 878); 
INSERT INTO FILM_GENRE(FILM_ID, GENRE_ID) VALUES(36668, 53); 
INSERT INTO FILM_COMPANY(FILM_ID, COMPANY_ID) VALUES(36668, 289); 
INSERT INTO FILM_COMPANY(FILM_ID, COMPANY_ID) VALUES(36668, 306); 
INSERT INTO FILM_COMPANY(FILM_ID, COMPANY_ID) VALUES(36668, 431); 
INSERT INTO FILM_COMPANY(FILM_ID, COMPANY_ID) VALUES(36668, 444); 
INSERT INTO FILM_COMPANY(FILM_ID, COMPANY_ID) VALUES(36668, 445); 
INSERT INTO FILM_COMPANY(FILM_ID, COMPANY_ID) VALUES(36668, 9168); 
INSERT INTO FILM_COMPANY(FILM_ID, COMPANY_ID) VALUES(36668, 12247); 
INSERT INTO FILM_COMPANY(FILM_ID, COMPANY_ID) VALUES(36668, 19551); 
INSERT INTO FILM_COMPANY(FILM_ID, COMPANY_ID) VALUES(36668, 79028); 
INSERT INTO FILM_COMPANY(FILM_ID, COMPANY_ID) VALUES(36668, 79029); 
INSERT INTO FILM_COMPANY(FILM_ID, COMPANY_ID) VALUES(36668, 79030); 
INSERT INTO FILM_COUNTRY(FILM_ID, COUNTRY_ID) VALUES(36668, 'CA'); 
INSERT INTO FILM_COUNTRY(FILM_ID, COUNTRY_ID) VALUES(36668, 'GB'); 
INSERT INTO FILM_COUNTRY(FILM_ID, COUNTRY_ID) VALUES(36668, 'US'); 
INSERT INTO FILM_LANGUAGE(FILM_ID, LANGUAGE_ID) VALUES(36668, 'en'); 
INSERT INTO FILM_GENRE(FILM_ID, GENRE_ID) VALUES(62211, 16); 
INSERT INTO FILM_GENRE(FILM_ID, GENRE_ID) VALUES(62211, 10751); 
INSERT INTO FILM_COMPANY(FILM_ID, COMPANY_ID) VALUES(62211, 2); 
INSERT INTO FILM_COMPANY(FILM_ID, COMPANY_ID) VALUES(62211, 3); 
INSERT INTO FILM_COUNTRY(FILM_ID, COUNTRY_ID) VALUES(62211, 'US'); 
INSERT INTO FILM_LANGUAGE(FILM_ID, LANGUAGE_ID) VALUES(62211, 'en'); 
INSERT INTO FILM_GENRE(FILM_ID, GENRE_ID) VALUES(8373, 878); 
INSERT INTO FILM_GENRE(FILM_ID, GENRE_ID) VALUES(8373, 28); 
INSERT INTO FILM_GENRE(FILM_ID, GENRE_ID) VALUES(8373, 12); 
INSERT INTO FILM_COMPANY(FILM_ID, COMPANY_ID) VALUES(8373, 4); 
INSERT INTO FILM_COMPANY(FILM_ID, COMPANY_ID) VALUES(8373, 27); 
INSERT INTO FILM_COMPANY(FILM_ID, COMPANY_ID) VALUES(8373, 56); 
INSERT INTO FILM_COMPANY(FILM_ID, COMPANY_ID) VALUES(8373, 435); 
INSERT INTO FILM_COMPANY(FILM_ID, COMPANY_ID) VALUES(8373, 2481); 
INSERT INTO FILM_COMPANY(FILM_ID, COMPANY_ID) VALUES(8373, 22826); 
INSERT INTO FILM_COMPANY(FILM_ID, COMPANY_ID) VALUES(8373, 76043); 
INSERT INTO FILM_COUNTRY(FILM_ID, COUNTRY_ID) VALUES(8373, 'US'); 
INSERT INTO FILM_LANGUAGE(FILM_ID, LANGUAGE_ID) VALUES(8373, 'en'); 
INSERT INTO FILM_LANGUAGE(FILM_ID, LANGUAGE_ID) VALUES(8373, 'es'); 
INSERT INTO FILM_GENRE(FILM_ID, GENRE_ID) VALUES(91314, 878); 
INSERT INTO FILM_GENRE(FILM_ID, GENRE_ID) VALUES(91314, 28); 
INSERT INTO FILM_GENRE(FILM_ID, GENRE_ID) VALUES(91314, 12); 
INSERT INTO FILM_COMPANY(FILM_ID, COMPANY_ID) VALUES(91314, 4); 
INSERT INTO FILM_COMPANY(FILM_ID, COMPANY_ID) VALUES(91314, 56); 
INSERT INTO FILM_COMPANY(FILM_ID, COMPANY_ID) VALUES(91314, 435); 
INSERT INTO FILM_COMPANY(FILM_ID, COMPANY_ID) VALUES(91314, 2481); 
INSERT INTO FILM_COMPANY(FILM_ID, COMPANY_ID) VALUES(91314, 11413); 
INSERT INTO FILM_COMPANY(FILM_ID, COMPANY_ID) VALUES(91314, 22826); 
INSERT INTO FILM_COMPANY(FILM_ID, COMPANY_ID) VALUES(91314, 38833); 
INSERT INTO FILM_COMPANY(FILM_ID, COMPANY_ID) VALUES(91314, 76043); 
INSERT INTO FILM_COUNTRY(FILM_ID, COUNTRY_ID) VALUES(91314, 'US'); 
INSERT INTO FILM_LANGUAGE(FILM_ID, LANGUAGE_ID) VALUES(91314, 'en'); 
INSERT INTO FILM_GENRE(FILM_ID, GENRE_ID) VALUES(68728, 14); 
INSERT INTO FILM_GENRE(FILM_ID, GENRE_ID) VALUES(68728, 12); 
INSERT INTO FILM_GENRE(FILM_ID, GENRE_ID) VALUES(68728, 10751); 
INSERT INTO FILM_COMPANY(FILM_ID, COMPANY_ID) VALUES(68728, 2); 
INSERT INTO FILM_COMPANY(FILM_ID, COMPANY_ID) VALUES(68728, 16314); 
INSERT INTO FILM_COUNTRY(FILM_ID, COUNTRY_ID) VALUES(68728, 'US'); 
INSERT INTO FILM_LANGUAGE(FILM_ID, LANGUAGE_ID) VALUES(68728, 'en'); 
INSERT INTO FILM_GENRE(FILM_ID, GENRE_ID) VALUES(102382, 28); 
INSERT INTO FILM_GENRE(FILM_ID, GENRE_ID) VALUES(102382, 12); 
INSERT INTO FILM_GENRE(FILM_ID, GENRE_ID) VALUES(102382, 14); 
INSERT INTO FILM_COMPANY(FILM_ID, COMPANY_ID) VALUES(102382, 5); 
INSERT INTO FILM_COMPANY(FILM_ID, COMPANY_ID) VALUES(102382, 19551); 
INSERT INTO FILM_COMPANY(FILM_ID, COMPANY_ID) VALUES(102382, 31828); 
INSERT INTO FILM_COMPANY(FILM_ID, COMPANY_ID) VALUES(102382, 53462); 
INSERT INTO FILM_COUNTRY(FILM_ID, COUNTRY_ID) VALUES(102382, 'US'); 
INSERT INTO FILM_LANGUAGE(FILM_ID, LANGUAGE_ID) VALUES(102382, 'en'); 
INSERT INTO FILM_GENRE(FILM_ID, GENRE_ID) VALUES(20526, 12); 
INSERT INTO FILM_GENRE(FILM_ID, GENRE_ID) VALUES(20526, 28); 
INSERT INTO FILM_GENRE(FILM_ID, GENRE_ID) VALUES(20526, 878); 
INSERT INTO FILM_COMPANY(FILM_ID, COMPANY_ID) VALUES(20526, 2); 
INSERT INTO FILM_COMPANY(FILM_ID, COMPANY_ID) VALUES(20526, 7161); 
INSERT INTO FILM_COMPANY(FILM_ID, COMPANY_ID) VALUES(20526, 18713); 
INSERT INTO FILM_COMPANY(FILM_ID, COMPANY_ID) VALUES(20526, 23791); 
INSERT INTO FILM_COMPANY(FILM_ID, COMPANY_ID) VALUES(20526, 76043); 
INSERT INTO FILM_COMPANY(FILM_ID, COMPANY_ID) VALUES(20526, 76067); 
INSERT INTO FILM_COUNTRY(FILM_ID, COUNTRY_ID) VALUES(20526, 'US'); 
INSERT INTO FILM_LANGUAGE(FILM_ID, LANGUAGE_ID) VALUES(20526, 'en'); 
INSERT INTO FILM_GENRE(FILM_ID, GENRE_ID) VALUES(49013, 16); 
INSERT INTO FILM_GENRE(FILM_ID, GENRE_ID) VALUES(49013, 10751); 
INSERT INTO FILM_GENRE(FILM_ID, GENRE_ID) VALUES(49013, 12); 
INSERT INTO FILM_GENRE(FILM_ID, GENRE_ID) VALUES(49013, 35); 
INSERT INTO FILM_COMPANY(FILM_ID, COMPANY_ID) VALUES(49013, 2); 
INSERT INTO FILM_COMPANY(FILM_ID, COMPANY_ID) VALUES(49013, 3); 
INSERT INTO FILM_COUNTRY(FILM_ID, COUNTRY_ID) VALUES(49013, 'US'); 
INSERT INTO FILM_LANGUAGE(FILM_ID, LANGUAGE_ID) VALUES(49013, 'en'); 
INSERT INTO FILM_LANGUAGE(FILM_ID, LANGUAGE_ID) VALUES(49013, 'ja'); 
INSERT INTO FILM_LANGUAGE(FILM_ID, LANGUAGE_ID) VALUES(49013, 'it'); 
INSERT INTO FILM_LANGUAGE(FILM_ID, LANGUAGE_ID) VALUES(49013, 'fr'); 
INSERT INTO FILM_GENRE(FILM_ID, GENRE_ID) VALUES(44912, 12); 
INSERT INTO FILM_GENRE(FILM_ID, GENRE_ID) VALUES(44912, 28); 
INSERT INTO FILM_GENRE(FILM_ID, GENRE_ID) VALUES(44912, 53); 
INSERT INTO FILM_GENRE(FILM_ID, GENRE_ID) VALUES(44912, 878); 
INSERT INTO FILM_COMPANY(FILM_ID, COMPANY_ID) VALUES(44912, 2609); 
INSERT INTO FILM_COMPANY(FILM_ID, COMPANY_ID) VALUES(44912, 6194); 
INSERT INTO FILM_COMPANY(FILM_ID, COMPANY_ID) VALUES(44912, 9993); 
INSERT INTO FILM_COUNTRY(FILM_ID, COUNTRY_ID) VALUES(44912, 'US'); 
INSERT INTO FILM_LANGUAGE(FILM_ID, LANGUAGE_ID) VALUES(44912, 'en'); 
INSERT INTO FILM_GENRE(FILM_ID, GENRE_ID) VALUES(10193, 16); 
INSERT INTO FILM_GENRE(FILM_ID, GENRE_ID) VALUES(10193, 10751); 
INSERT INTO FILM_GENRE(FILM_ID, GENRE_ID) VALUES(10193, 35); 
INSERT INTO FILM_COMPANY(FILM_ID, COMPANY_ID) VALUES(10193, 2); 
INSERT INTO FILM_COMPANY(FILM_ID, COMPANY_ID) VALUES(10193, 3); 
INSERT INTO FILM_COUNTRY(FILM_ID, COUNTRY_ID) VALUES(10193, 'US'); 
INSERT INTO FILM_LANGUAGE(FILM_ID, LANGUAGE_ID) VALUES(10193, 'en'); 
INSERT INTO FILM_LANGUAGE(FILM_ID, LANGUAGE_ID) VALUES(10193, 'es'); 
INSERT INTO FILM_GENRE(FILM_ID, GENRE_ID) VALUES(534, 28); 
INSERT INTO FILM_GENRE(FILM_ID, GENRE_ID) VALUES(534, 878); 
INSERT INTO FILM_GENRE(FILM_ID, GENRE_ID) VALUES(534, 53); 
INSERT INTO FILM_COMPANY(FILM_ID, COMPANY_ID) VALUES(534, 5); 
INSERT INTO FILM_COMPANY(FILM_ID, COMPANY_ID) VALUES(534, 4021); 
INSERT INTO FILM_COMPANY(FILM_ID, COMPANY_ID) VALUES(534, 4022); 
INSERT INTO FILM_COMPANY(FILM_ID, COMPANY_ID) VALUES(534, 6194); 
INSERT INTO FILM_COUNTRY(FILM_ID, COUNTRY_ID) VALUES(534, 'DE'); 
INSERT INTO FILM_COUNTRY(FILM_ID, COUNTRY_ID) VALUES(534, 'IT'); 
INSERT INTO FILM_COUNTRY(FILM_ID, COUNTRY_ID) VALUES(534, 'GB'); 
INSERT INTO FILM_COUNTRY(FILM_ID, COUNTRY_ID) VALUES(534, 'US'); 
INSERT INTO FILM_LANGUAGE(FILM_ID, LANGUAGE_ID) VALUES(534, 'en'); 
INSERT INTO FILM_LANGUAGE(FILM_ID, LANGUAGE_ID) VALUES(534, 'it'); 
INSERT INTO FILM_GENRE(FILM_ID, GENRE_ID) VALUES(168259, 28); 
INSERT INTO FILM_COMPANY(FILM_ID, COMPANY_ID) VALUES(168259, 33); 
INSERT INTO FILM_COMPANY(FILM_ID, COMPANY_ID) VALUES(168259, 333); 
INSERT INTO FILM_COMPANY(FILM_ID, COMPANY_ID) VALUES(168259, 3341); 
INSERT INTO FILM_COMPANY(FILM_ID, COMPANY_ID) VALUES(168259, 6452); 
INSERT INTO FILM_COMPANY(FILM_ID, COMPANY_ID) VALUES(168259, 7154); 
INSERT INTO FILM_COMPANY(FILM_ID, COMPANY_ID) VALUES(168259, 40890); 
INSERT INTO FILM_COMPANY(FILM_ID, COMPANY_ID) VALUES(168259, 86352); 
INSERT INTO FILM_COMPANY(FILM_ID, COMPANY_ID) VALUES(168259, 86655); 
INSERT INTO FILM_COMPANY(FILM_ID, COMPANY_ID) VALUES(168259, 87857); 
INSERT INTO FILM_COMPANY(FILM_ID, COMPANY_ID) VALUES(168259, 87858); 
INSERT INTO FILM_COUNTRY(FILM_ID, COUNTRY_ID) VALUES(168259, 'JP'); 
INSERT INTO FILM_COUNTRY(FILM_ID, COUNTRY_ID) VALUES(168259, 'US'); 
INSERT INTO FILM_LANGUAGE(FILM_ID, LANGUAGE_ID) VALUES(168259, 'en'); 
INSERT INTO FILM_GENRE(FILM_ID, GENRE_ID) VALUES(72190, 28); 
INSERT INTO FILM_GENRE(FILM_ID, GENRE_ID) VALUES(72190, 18); 
INSERT INTO FILM_GENRE(FILM_ID, GENRE_ID) VALUES(72190, 27); 
INSERT INTO FILM_GENRE(FILM_ID, GENRE_ID) VALUES(72190, 878); 
INSERT INTO FILM_GENRE(FILM_ID, GENRE_ID) VALUES(72190, 53); 
INSERT INTO FILM_COMPANY(FILM_ID, COMPANY_ID) VALUES(72190, 4); 
INSERT INTO FILM_COMPANY(FILM_ID, COMPANY_ID) VALUES(72190, 3281); 
INSERT INTO FILM_COMPANY(FILM_ID, COMPANY_ID) VALUES(72190, 6277); 
INSERT INTO FILM_COMPANY(FILM_ID, COMPANY_ID) VALUES(72190, 9169); 
INSERT INTO FILM_COMPANY(FILM_ID, COMPANY_ID) VALUES(72190, 11956); 
INSERT INTO FILM_COMPANY(FILM_ID, COMPANY_ID) VALUES(72190, 19108); 
INSERT INTO FILM_COMPANY(FILM_ID, COMPANY_ID) VALUES(72190, 23644); 
INSERT INTO FILM_COUNTRY(FILM_ID, COUNTRY_ID) VALUES(72190, 'US'); 
INSERT INTO FILM_COUNTRY(FILM_ID, COUNTRY_ID) VALUES(72190, 'MT'); 
INSERT INTO FILM_LANGUAGE(FILM_ID, LANGUAGE_ID) VALUES(72190, 'en'); 
INSERT INTO FILM_GENRE(FILM_ID, GENRE_ID) VALUES(127585, 28); 
INSERT INTO FILM_GENRE(FILM_ID, GENRE_ID) VALUES(127585, 12); 
INSERT INTO FILM_GENRE(FILM_ID, GENRE_ID) VALUES(127585, 14); 
INSERT INTO FILM_GENRE(FILM_ID, GENRE_ID) VALUES(127585, 878); 
INSERT INTO FILM_COMPANY(FILM_ID, COMPANY_ID) VALUES(127585, 306); 
INSERT INTO FILM_COMPANY(FILM_ID, COMPANY_ID) VALUES(127585, 431); 
INSERT INTO FILM_COMPANY(FILM_ID, COMPANY_ID) VALUES(127585, 7505); 
INSERT INTO FILM_COMPANY(FILM_ID, COMPANY_ID) VALUES(127585, 9168); 
INSERT INTO FILM_COMPANY(FILM_ID, COMPANY_ID) VALUES(127585, 22213); 
INSERT INTO FILM_COMPANY(FILM_ID, COMPANY_ID) VALUES(127585, 37336); 
INSERT INTO FILM_COMPANY(FILM_ID, COMPANY_ID) VALUES(127585, 76043); 
INSERT INTO FILM_COUNTRY(FILM_ID, COUNTRY_ID) VALUES(127585, 'GB'); 
INSERT INTO FILM_COUNTRY(FILM_ID, COUNTRY_ID) VALUES(127585, 'US'); 
INSERT INTO FILM_LANGUAGE(FILM_ID, LANGUAGE_ID) VALUES(127585, 'en'); 
INSERT INTO FILM_GENRE(FILM_ID, GENRE_ID) VALUES(54138, 28); 
INSERT INTO FILM_GENRE(FILM_ID, GENRE_ID) VALUES(54138, 12); 
INSERT INTO FILM_GENRE(FILM_ID, GENRE_ID) VALUES(54138, 878); 
INSERT INTO FILM_COMPANY(FILM_ID, COMPANY_ID) VALUES(54138, 4); 
INSERT INTO FILM_COMPANY(FILM_ID, COMPANY_ID) VALUES(54138, 6277); 
INSERT INTO FILM_COMPANY(FILM_ID, COMPANY_ID) VALUES(54138, 11461); 
INSERT INTO FILM_COMPANY(FILM_ID, COMPANY_ID) VALUES(54138, 12536); 
INSERT INTO FILM_COUNTRY(FILM_ID, COUNTRY_ID) VALUES(54138, 'US'); 
INSERT INTO FILM_LANGUAGE(FILM_ID, LANGUAGE_ID) VALUES(54138, 'en'); 
INSERT INTO FILM_GENRE(FILM_ID, GENRE_ID) VALUES(81005, 28); 
INSERT INTO FILM_GENRE(FILM_ID, GENRE_ID) VALUES(81005, 10751); 
INSERT INTO FILM_GENRE(FILM_ID, GENRE_ID) VALUES(81005, 14); 
INSERT INTO FILM_COMPANY(FILM_ID, COMPANY_ID) VALUES(81005, 12); 
INSERT INTO FILM_COMPANY(FILM_ID, COMPANY_ID) VALUES(81005, 333); 
INSERT INTO FILM_COMPANY(FILM_ID, COMPANY_ID) VALUES(81005, 923); 
INSERT INTO FILM_COMPANY(FILM_ID, COMPANY_ID) VALUES(81005, 6194); 
INSERT INTO FILM_COMPANY(FILM_ID, COMPANY_ID) VALUES(81005, 8406); 
INSERT INTO FILM_COMPANY(FILM_ID, COMPANY_ID) VALUES(81005, 9168); 
INSERT INTO FILM_COUNTRY(FILM_ID, COUNTRY_ID) VALUES(81005, 'US'); 
INSERT INTO FILM_LANGUAGE(FILM_ID, LANGUAGE_ID) VALUES(81005, 'en'); 
